timestamp	id	a_A	a_B	a_C	a_D	a_E	b_A	b_B	b_C	c_A	c_B	c_C	d
2026-07-28T07:07:00Z	1	berki jános	20 E+ keresés	trending_up	Aktív	11 órája	20 E+	arrow_upward	1 000%	11 órával ezelőtt	trending_up	Aktív	kosárlabda
2026-07-28T07:07:00Z	2	élelmiszer	10 E+ keresés	trending_up	Aktív	16 órája	10 E+	arrow_upward	1 000%	16 órával ezelőtt	trending_up	Aktív	
2026-07-28T07:07:00Z	3	tanítási nap	10 E+ keresés	trending_up	Aktív	20 órája	10 E+	arrow_upward	1 000%	20 órával ezelőtt	trending_up	Aktív	
2026-07-28T07:07:00Z	4	lévai anikó	5 E+ keresés	trending_up	Aktív	16 órája	5 E+	arrow_upward	1 000%	16 órával ezelőtt	trending_up	Aktív	
2026-07-28T07:07:00Z	5	takács péter	2 E+ keresés	trending_up	Aktív	11 órája	2 E+	arrow_upward	1 000%	11 órával ezelőtt	trending_up	Aktív	szűcs gábor
2026-07-28T07:07:00Z	6	m4-es autóút	2 E+ keresés	trending_up	Aktív	11 órája	2 E+	arrow_upward	1 000%	11 órával ezelőtt	trending_up	Aktív	
2026-07-28T07:07:00Z	7	hankó balázs	2 E+ keresés	trending_up	Aktív	16 órája	2 E+	arrow_upward	1 000%	16 órával ezelőtt	trending_up	Aktív	
2026-07-28T07:07:00Z	8	kormány	2 E+ keresés	trending_up	Aktív	4 órája	2 E+	arrow_upward	1 000%	4 órával ezelőtt	trending_up	Aktív	telex hu
2026-07-28T07:07:00Z	9	sandra bullock	1 E+ keresés	trending_up	Aktív	15 órája	1 E+	arrow_upward	700%	15 órával ezelőtt	trending_up	Aktív	
2026-07-28T07:07:00Z	10	médiaszolgáltatás támogató és vagyonkezelő alap	1 E+ keresés	trending_up	Aktív	11 órája	1 E+	arrow_upward	800%	11 órával ezelőtt	trending_up	Aktív	médiaszolgáltatás-támogató és vagyonkezelő alap
2026-07-28T07:07:00Z	11	gyógyszer	500+ keresés	trending_up	Aktív	2 órája	500+	arrow_upward	1 000%	2 órával ezelőtt	trending_up	Aktív	
2026-07-28T07:07:00Z	12	dunaújváros pase	2 E+ keresés	trending_up	Aktív	16 órája	2 E+	arrow_upward	1 000%	16 órával ezelőtt	trending_up	Aktív	dunaújváros fc
2026-07-28T07:07:00Z	13	katasztrófa	500+ keresés	trending_up	Aktív	3 órája	500+	arrow_upward	1 000%	3 órával ezelőtt	trending_up	Aktív	
2026-07-28T07:07:00Z	14	hvg	1 E+ keresés	trending_up	Aktív	3 órája	1 E+	arrow_upward	100%	3 órával ezelőtt	trending_up	Aktív	
2026-07-28T07:07:00Z	15	galatasaray–venezia	1 E+ keresés	trending_up	Aktív	12 órája	1 E+	arrow_upward	1 000%	12 órával ezelőtt	trending_up	Aktív	
2026-07-28T07:07:00Z	16	a fifa elnöke	500+ keresés	trending_up	Aktív	13 órája	500+	arrow_upward	600%	13 órával ezelőtt	trending_up	Aktív	
2026-07-28T07:07:00Z	17	playstation	500+ keresés	trending_up	Aktív	7 órája	500+	arrow_upward	600%	7 órával ezelőtt	trending_up	Aktív	
2026-07-28T07:07:00Z	18	szolnoki péter temetése	500+ keresés	trending_up	Aktív	17 órája	500+	arrow_upward	600%	17 órával ezelőtt	trending_up	Aktív	
2026-07-28T07:07:00Z	19	palikék világa	200+ keresés	trending_up	Aktív	2 órája	200+	arrow_upward	500%	2 órával ezelőtt	trending_up	Aktív	
2026-07-28T07:07:00Z	20	kisalföld	2 E+ keresés	timelapse	Eddig tartott: 14 óra	15 órája	2 E+	arrow_upward	500%	15 órával ezelőtt	timelapse	Eddig tartott: 14 óra	
2026-07-28T07:07:00Z	21	hogyan tudnék élni nélküled	500+ keresés	trending_up	Aktív	3 órája	500+	arrow_upward	300%	3 órával ezelőtt	trending_up	Aktív	hogyan tudnék élni nélküled 2
2026-07-28T07:07:00Z	22	deviza	200+ keresés	trending_up	Aktív	4 órája	200+	arrow_upward	400%	4 órával ezelőtt	trending_up	Aktív	
2026-07-28T07:07:00Z	23	kovács katalin	200+ keresés	trending_up	Aktív	1 órája	200+	arrow_upward	400%	1 órával ezelőtt	trending_up	Aktív	kovács katalin nemzeti kajak-kenu akadémia
2026-07-28T07:07:00Z	24	rendőrőrs	200+ keresés	trending_up	Aktív	11 órája	200+	arrow_upward	400%	11 órával ezelőtt	trending_up	Aktív	
2026-07-28T07:07:00Z	25	erőmű	5 E+ keresés	timelapse	Eddig tartott: 22 óra	22 órája	5 E+	arrow_upward	1 000%	22 órával ezelőtt	timelapse	Eddig tartott: 22 óra	
2026-07-28T07:07:00Z	26	kárpátalja	2 E+ keresés	timelapse	Eddig tartott: 18 óra	19 órája	2 E+	arrow_upward	1 000%	19 órával ezelőtt	timelapse	Eddig tartott: 18 óra	
2026-07-28T07:07:00Z	27	napfogyatkozás 2026	1 E+ keresés	timelapse	Eddig tartott: 18 óra	18 órája	1 E+	arrow_upward	300%	18 órával ezelőtt	timelapse	Eddig tartott: 18 óra	
2026-07-28T07:07:00Z	28	nyugdíj	10 E+ keresés	timelapse	Eddig tartott: 4 óra	17 órája	10 E+	arrow_upward	1 000%	17 órával ezelőtt	timelapse	Eddig tartott: 4 óra	
2026-07-28T07:07:00Z	29	2026	10 E+ keresés	timelapse	Eddig tartott: 5 óra	23 órája	10 E+	arrow_upward	700%	23 órával ezelőtt	timelapse	Eddig tartott: 5 óra	
2026-07-28T07:07:00Z	30	tarr zoltán	2 E+ keresés	timelapse	Eddig tartott: 7 óra	22 órája	2 E+	arrow_upward	1 000%	22 órával ezelőtt	timelapse	Eddig tartott: 7 óra	pataky attila
2026-07-28T07:07:00Z	31	mezőgazdaság	500+ keresés	timelapse	Eddig tartott: 2 óra	4 órája	500+	arrow_upward	1 000%	4 órával ezelőtt	timelapse	Eddig tartott: 2 óra	
2026-07-28T07:07:00Z	32	egyetem	1 E+ keresés	timelapse	Eddig tartott: 21 óra	22 órája	1 E+	arrow_upward	900%	22 órával ezelőtt	timelapse	Eddig tartott: 21 óra	
2026-07-28T07:07:00Z	33	mtk–zalaegerszeg	2 E+ keresés	timelapse	Eddig tartott: 3 óra	13 órája	2 E+	arrow_upward	1 000%	13 órával ezelőtt	timelapse	Eddig tartott: 3 óra	mtk; mtk zte; zte
2026-07-28T07:07:00Z	34	gázolaj	500+ keresés	timelapse	Eddig tartott: 1 óra	3 órája	500+	arrow_upward	300%	3 órával ezelőtt	timelapse	Eddig tartott: 1 óra	
2026-07-28T07:07:00Z	35	csapadék	1 E+ keresés	timelapse	Eddig tartott: 4 óra	4 órája	1 E+	arrow_upward	300%	4 órával ezelőtt	timelapse	Eddig tartott: 4 óra	radarkép
2026-07-28T07:07:00Z	36	víz	1 E+ keresés	timelapse	Eddig tartott: 12 óra	13 órája	1 E+	arrow_upward	1 000%	13 órával ezelőtt	timelapse	Eddig tartott: 12 óra	
2026-07-28T07:07:00Z	37	július 28	200+ keresés	timelapse	Eddig tartott: 5 óra	5 órája	200+	arrow_upward	300%	5 órával ezelőtt	timelapse	Eddig tartott: 5 óra	
2026-07-28T07:07:00Z	38	telihold 2026 július	500+ keresés	timelapse	Eddig tartott: 5 óra	12 órája	500+	arrow_upward	500%	12 órával ezelőtt	timelapse	Eddig tartott: 5 óra	napi horoszkóp
2026-07-28T07:07:00Z	39	medián tisza fidesz	1 E+ keresés	timelapse	Eddig tartott: 3 óra	20 órája	1 E+	arrow_upward	1 000%	20 órával ezelőtt	timelapse	Eddig tartott: 3 óra	publicus intézet; medián felmérés
2026-07-28T07:07:00Z	40	országos jégkármérséklő rendszer	100+ keresés	timelapse	Eddig tartott: 1 óra	2 órája	100+	arrow_upward	900%	2 órával ezelőtt	timelapse	Eddig tartott: 1 óra	
2026-07-28T07:07:00Z	41	medián	500+ keresés	timelapse	Eddig tartott: 7 óra	23 órája	500+	arrow_upward	900%	23 órával ezelőtt	timelapse	Eddig tartott: 7 óra	
2026-07-28T07:07:00Z	42	f–16 fighting falcon	500+ keresés	timelapse	Eddig tartott: 4 óra	19 órája	500+	arrow_upward	1 000%	19 órával ezelőtt	timelapse	Eddig tartott: 4 óra	
2026-07-28T07:07:00Z	43	liga	200+ keresés	timelapse	Eddig tartott: 13 óra	15 órája	200+	arrow_upward	600%	15 órával ezelőtt	timelapse	Eddig tartott: 13 óra	
2026-07-28T07:07:00Z	44	balog zoltán	500+ keresés	timelapse	Eddig tartott: 3 óra	19 órája	500+	arrow_upward	1 000%	19 órával ezelőtt	timelapse	Eddig tartott: 3 óra	
2026-07-28T07:07:00Z	45	parlament	1 E+ keresés	timelapse	Eddig tartott: 5 óra	22 órája	1 E+	arrow_upward	300%	22 órával ezelőtt	timelapse	Eddig tartott: 5 óra	
2026-07-28T07:07:00Z	46	szíjj lászló	1 E+ keresés	timelapse	Eddig tartott: 2 óra	16 órája	1 E+	arrow_upward	1 000%	16 órával ezelőtt	timelapse	Eddig tartott: 2 óra	koncesszió
2026-07-28T07:07:00Z	47	tűzijáték	200+ keresés	timelapse	Eddig tartott: 4 óra	15 órája	200+	arrow_upward	700%	15 órával ezelőtt	timelapse	Eddig tartott: 4 óra	
2026-07-28T07:07:00Z	48	ominimo	200+ keresés	timelapse	Eddig tartott: 2 óra	23 órája	200+	arrow_upward	400%	23 órával ezelőtt	timelapse	Eddig tartott: 2 óra	
2026-07-28T07:07:00Z	49	vívó-világbajnokság	200+ keresés	timelapse	Eddig tartott: 1 óra	18 órája	200+	arrow_upward	600%	18 órával ezelőtt	timelapse	Eddig tartott: 1 óra	
2026-07-28T07:07:00Z	50	vonatbaleset tállya	200+ keresés	timelapse	Eddig tartott: 1 óra	23 órája	200+	arrow_upward	600%	23 órával ezelőtt	timelapse	Eddig tartott: 1 óra	
2026-07-28T07:07:00Z	51	időkép budapest	200+ keresés	timelapse	Eddig tartott: 40 perc	17 órája	200+	arrow_upward	300%	17 órával ezelőtt	timelapse	Eddig tartott: 40 perc	
2026-07-28T07:07:00Z	52	bűncselekmény	100+ keresés	timelapse	Eddig tartott: 1 óra	16 órája	100+	arrow_upward	600%	16 órával ezelőtt	timelapse	Eddig tartott: 1 óra	
2026-07-28T13:49:00Z	1	berki jános	20 E+ keresés	trending_up	Aktív	18 órája	20 E+	arrow_upward	1 000%	18 órával ezelőtt	trending_up	Aktív	
2026-07-28T13:49:00Z	2	élelmiszer	20 E+ keresés	trending_up	Aktív	23 órája	20 E+	arrow_upward	1 000%	23 órával ezelőtt	trending_up	Aktív	
2026-07-28T13:49:00Z	3	bangó sándor	20 E+ keresés	trending_up	Aktív	6 órája	20 E+	arrow_upward	1 000%	6 órával ezelőtt	trending_up	Aktív	bangó sándor zsolti bácsi; semjén zsolt; + 10 további
2026-07-28T13:49:00Z	4	takács péter	10 E+ keresés	trending_up	Aktív	18 órája	10 E+	arrow_upward	1 000%	18 órával ezelőtt	trending_up	Aktív	
2026-07-28T13:49:00Z	5	lengyelország	5 E+ keresés	trending_up	Aktív	6 órája	5 E+	arrow_upward	1 000%	6 órával ezelőtt	trending_up	Aktív	
2026-07-28T13:49:00Z	6	jég	5 E+ keresés	trending_up	Aktív	4 órája	5 E+	arrow_upward	1 000%	4 órával ezelőtt	trending_up	Aktív	
2026-07-28T13:49:00Z	7	nyugdíjpénztár	5 E+ keresés	trending_up	Aktív	3 órája	5 E+	arrow_upward	1 000%	3 órával ezelőtt	trending_up	Aktív	kormány
2026-07-28T13:49:00Z	8	m4-es autóút	2 E+ keresés	trending_up	Aktív	18 órája	2 E+	arrow_upward	1 000%	18 órával ezelőtt	trending_up	Aktív	
2026-07-28T13:49:00Z	9	chelsea–western sydney wanderers	2 E+ keresés	trending_up	Aktív	4 órája	2 E+	arrow_upward	1 000%	4 órával ezelőtt	trending_up	Aktív	
2026-07-28T13:49:00Z	10	hujber ferenc felesége	2 E+ keresés	trending_up	Aktív	3 órája	2 E+	arrow_upward	1 000%	3 órával ezelőtt	trending_up	Aktív	szőke krisztina; hujber ferenc
2026-07-28T13:49:00Z	11	breel embolo	1 E+ keresés	trending_up	Aktív	3 órája	1 E+	arrow_upward	1 000%	3 órával ezelőtt	trending_up	Aktív	
2026-07-28T13:49:00Z	12	pokorni zoltán	2 E+ keresés	trending_up	Aktív	5 órája	2 E+	arrow_upward	1 000%	5 órával ezelőtt	trending_up	Aktív	
2026-07-28T13:49:00Z	13	lech wałęsa	5 E+ keresés	trending_up	Aktív	7 órája	5 E+	arrow_upward	1 000%	7 órával ezelőtt	trending_up	Aktív	
2026-07-28T13:49:00Z	14	atomerőmű	2 E+ keresés	trending_up	Aktív	3 órája	2 E+	arrow_upward	1 000%	3 órával ezelőtt	trending_up	Aktív	víz; csapadék
2026-07-28T13:49:00Z	15	meccsjegy fradi	2 E+ keresés	trending_up	Aktív	2 órája	2 E+	arrow_upward	1 000%	2 órával ezelőtt	trending_up	Aktív	fradi meccsjegy; meccsjegy fradi.hu; + 4 további
2026-07-28T13:49:00Z	16	stohl andrás	500+ keresés	trending_up	Aktív	4 órája	500+	arrow_upward	1 000%	4 órával ezelőtt	trending_up	Aktív	
2026-07-28T13:49:00Z	17	bús balázs	1 E+ keresés	trending_up	Aktív	3 órája	1 E+	arrow_upward	1 000%	3 órával ezelőtt	trending_up	Aktív	telex hu
2026-07-28T13:49:00Z	18	xbox	1 E+ keresés	trending_up	Aktív	4 órája	1 E+	arrow_upward	800%	4 órával ezelőtt	trending_up	Aktív	
2026-07-28T13:49:00Z	19	dunaújváros pase	5 E+ keresés	trending_up	Aktív	23 órája	5 E+	arrow_upward	1 000%	23 órával ezelőtt	trending_up	Aktív	dunaújváros fc
2026-07-28T13:49:00Z	20	most wanted	500+ keresés	trending_up	Aktív	2 órája	500+	arrow_upward	1 000%	2 órával ezelőtt	trending_up	Aktív	
2026-07-28T13:49:00Z	21	médiaszolgáltatás támogató és vagyonkezelő alap	2 E+ keresés	trending_up	Aktív	18 órája	2 E+	arrow_upward	800%	18 órával ezelőtt	trending_up	Aktív	médiaszolgáltatás-támogató és vagyonkezelő alap
2026-07-28T13:49:00Z	22	h5-ös hév	200+ keresés	trending_up	Aktív	2 órája	200+	arrow_upward	700%	2 órával ezelőtt	trending_up	Aktív	
2026-07-28T13:49:00Z	23	rtl most wanted	200+ keresés	trending_up	Aktív	1 órája	200+	arrow_upward	1 000%	1 órával ezelőtt	trending_up	Aktív	
2026-07-28T13:49:00Z	24	m0 baleset	100+ keresés	trending_up	Aktív	1 órája	100+	arrow_upward	1 000%	1 órával ezelőtt	trending_up	Aktív	
2026-07-28T13:49:00Z	25	kumamoto	200+ keresés	trending_up	Aktív	1 órája	200+	arrow_upward	1 000%	1 órával ezelőtt	trending_up	Aktív	
2026-07-28T13:49:00Z	26	lévai anikó	5 E+ keresés	timelapse	Eddig tartott: 21 óra	23 órája	5 E+	arrow_upward	1 000%	23 órával ezelőtt	timelapse	Eddig tartott: 21 óra	
2026-07-28T13:49:00Z	27	deutsch tamás	200+ keresés	trending_up	Aktív	2 órája	200+	arrow_upward	1 000%	2 órával ezelőtt	trending_up	Aktív	
2026-07-28T13:49:00Z	28	sony interactive entertainment	100+ keresés	trending_up	Aktív	1 órája	100+	arrow_upward	600%	1 órával ezelőtt	trending_up	Aktív	
2026-07-28T13:49:00Z	29	hankó balázs	2 E+ keresés	timelapse	Eddig tartott: 18 óra	23 órája	2 E+	arrow_upward	1 000%	23 órával ezelőtt	timelapse	Eddig tartott: 18 óra	
2026-07-28T13:49:00Z	30	gyógyszer	1 E+ keresés	timelapse	Eddig tartott: 9 óra	9 órája	1 E+	arrow_upward	1 000%	9 órával ezelőtt	timelapse	Eddig tartott: 9 óra	
2026-07-28T13:49:00Z	31	szűcs gábor	2 E+ keresés	timelapse	Eddig tartott: 12 óra	18 órája	2 E+	arrow_upward	1 000%	18 órával ezelőtt	timelapse	Eddig tartott: 12 óra	
2026-07-28T13:49:00Z	32	kisalföld	2 E+ keresés	timelapse	Eddig tartott: 19 óra	22 órája	2 E+	arrow_upward	500%	22 órával ezelőtt	timelapse	Eddig tartott: 19 óra	
2026-07-28T13:49:00Z	33	fradi	500+ keresés	timelapse	Eddig tartott: 1 óra	1 órája	500+	arrow_upward	700%	1 órával ezelőtt	timelapse	Eddig tartott: 1 óra	
2026-07-28T13:49:00Z	34	sandra bullock	2 E+ keresés	timelapse	Eddig tartott: 15 óra	22 órája	2 E+	arrow_upward	700%	22 órával ezelőtt	timelapse	Eddig tartott: 15 óra	
2026-07-28T13:49:00Z	35	kassák lajos utca	200+ keresés	timelapse	Eddig tartott: 3 óra	4 órája	200+	arrow_upward	600%	4 órával ezelőtt	timelapse	Eddig tartott: 3 óra	
2026-07-28T13:49:00Z	36	katasztrófa	1 E+ keresés	timelapse	Eddig tartott: 6 óra	10 órája	1 E+	arrow_upward	800%	10 órával ezelőtt	timelapse	Eddig tartott: 6 óra	
2026-07-28T13:49:00Z	37	konténer	200+ keresés	timelapse	Eddig tartott: 2 óra	2 órája	200+	arrow_upward	900%	2 órával ezelőtt	timelapse	Eddig tartott: 2 óra	
2026-07-28T13:49:00Z	38	playstation	500+ keresés	timelapse	Eddig tartott: 10 óra	14 órája	500+	arrow_upward	700%	14 órával ezelőtt	timelapse	Eddig tartott: 10 óra	
2026-07-28T13:49:00Z	39	rendőrőrs	500+ keresés	timelapse	Eddig tartott: 17 óra	18 órája	500+	arrow_upward	500%	18 órával ezelőtt	timelapse	Eddig tartott: 17 óra	
2026-07-28T13:49:00Z	40	galatasaray–venezia	1 E+ keresés	timelapse	Eddig tartott: 13 óra	19 órája	1 E+	arrow_upward	1 000%	19 órával ezelőtt	timelapse	Eddig tartott: 13 óra	
2026-07-28T13:49:00Z	41	a fifa elnöke	500+ keresés	timelapse	Eddig tartott: 13 óra	20 órája	500+	arrow_upward	500%	20 órával ezelőtt	timelapse	Eddig tartott: 13 óra	
2026-07-28T13:49:00Z	42	mtk–zalaegerszeg	2 E+ keresés	timelapse	Eddig tartott: 3 óra	20 órája	2 E+	arrow_upward	1 000%	20 órával ezelőtt	timelapse	Eddig tartott: 3 óra	mtk; mtk zte; zte
2026-07-28T13:49:00Z	43	szolnoki péter temetése	500+ keresés	timelapse	Eddig tartott: 17 óra	24 órája	500+	arrow_upward	600%	24 órával ezelőtt	timelapse	Eddig tartott: 17 óra	
2026-07-28T13:49:00Z	44	medjugorje	100+ keresés	timelapse	Eddig tartott: 2 óra	4 órája	100+	arrow_upward	600%	4 órával ezelőtt	timelapse	Eddig tartott: 2 óra	
2026-07-28T13:49:00Z	45	sydney sweeney	100+ keresés	timelapse	Eddig tartott: 1 óra	1 órája	100+	arrow_upward	600%	1 órával ezelőtt	timelapse	Eddig tartott: 1 óra	
2026-07-28T13:49:00Z	46	deviza	200+ keresés	timelapse	Eddig tartott: 5 óra	11 órája	200+	arrow_upward	400%	11 órával ezelőtt	timelapse	Eddig tartott: 5 óra	
2026-07-28T13:49:00Z	47	hogyan tudnék élni nélküled	500+ keresés	timelapse	Eddig tartott: 4 óra	10 órája	500+	arrow_upward	200%	10 órával ezelőtt	timelapse	Eddig tartott: 4 óra	hogyan tudnék élni nélküled 2
2026-07-28T13:49:00Z	48	mezőgazdaság	500+ keresés	timelapse	Eddig tartott: 2 óra	10 órája	500+	arrow_upward	1 000%	10 órával ezelőtt	timelapse	Eddig tartott: 2 óra	
2026-07-28T13:49:00Z	49	kovács katalin	200+ keresés	timelapse	Eddig tartott: 3 óra	8 órája	200+	arrow_upward	300%	8 órával ezelőtt	timelapse	Eddig tartott: 3 óra	kovács katalin nemzeti kajak-kenu akadémia
2026-07-28T13:49:00Z	50	palikék világa	200+ keresés	timelapse	Eddig tartott: 3 óra	9 órája	200+	arrow_upward	400%	9 órával ezelőtt	timelapse	Eddig tartott: 3 óra	
2026-07-28T13:49:00Z	51	potfelveteli 2026	200+ keresés	timelapse	Eddig tartott: 4 óra	6 órája	200+	arrow_upward	300%	6 órával ezelőtt	timelapse	Eddig tartott: 4 óra	
2026-07-28T13:49:00Z	52	telihold 2026 július	500+ keresés	timelapse	Eddig tartott: 5 óra	19 órája	500+	arrow_upward	500%	19 órával ezelőtt	timelapse	Eddig tartott: 5 óra	
2026-07-28T13:49:00Z	53	gázolaj	500+ keresés	timelapse	Eddig tartott: 1 óra	10 órája	500+	arrow_upward	300%	10 órával ezelőtt	timelapse	Eddig tartott: 1 óra	
2026-07-28T13:49:00Z	54	július 28	200+ keresés	timelapse	Eddig tartott: 6 óra	12 órája	200+	arrow_upward	200%	12 órával ezelőtt	timelapse	Eddig tartott: 6 óra	
2026-07-28T13:49:00Z	55	nemzeti vagyonvisszaszerzési és vagyonvédelmi hivatal	100+ keresés	timelapse	Eddig tartott: 30 perc	2 órája	100+	arrow_upward	800%	2 órával ezelőtt	timelapse	Eddig tartott: 30 perc	
2026-07-28T13:49:00Z	56	liga	200+ keresés	timelapse	Eddig tartott: 13 óra	22 órája	200+	arrow_upward	600%	22 órával ezelőtt	timelapse	Eddig tartott: 13 óra	
2026-07-28T13:49:00Z	57	szalmonella	200+ keresés	timelapse	Eddig tartott: 1 óra	9 órája	200+	arrow_upward	1 000%	9 órával ezelőtt	timelapse	Eddig tartott: 1 óra	
2026-07-28T13:49:00Z	58	színész	100+ keresés	timelapse	Eddig tartott: 50 perc	4 órája	100+	arrow_upward	600%	4 órával ezelőtt	timelapse	Eddig tartott: 50 perc	
2026-07-28T13:49:00Z	59	országos jégkármérséklő rendszer	200+ keresés	timelapse	Eddig tartott: 3 óra	9 órája	200+	arrow_upward	500%	9 órával ezelőtt	timelapse	Eddig tartott: 3 óra	
2026-07-28T13:49:00Z	60	tűzijáték	200+ keresés	timelapse	Eddig tartott: 4 óra	22 órája	200+	arrow_upward	700%	22 órával ezelőtt	timelapse	Eddig tartott: 4 óra	
2026-07-28T13:49:00Z	61	szíjj lászló	500+ keresés	timelapse	Eddig tartott: 2 óra	23 órája	500+	arrow_upward	1 000%	23 órával ezelőtt	timelapse	Eddig tartott: 2 óra	
2026-07-28T13:49:00Z	62	napi horoszkóp	200+ keresés	timelapse	Eddig tartott: 6 óra	12 órája	200+	arrow_upward	100%	12 órával ezelőtt	timelapse	Eddig tartott: 6 óra	
2026-07-28T13:49:00Z	63	bűncselekmény	100+ keresés	timelapse	Eddig tartott: 1 óra	23 órája	100+	arrow_upward	600%	23 órával ezelőtt	timelapse	Eddig tartott: 1 óra	
2026-07-29T07:35:00Z	1	bangó sándor zsolti bácsi	20 E+ keresés	trending_up	Aktív	19 órája	20 E+	arrow_upward	1 000%	19 órával ezelőtt	trending_up	Aktív	bango sandor; zsolti bácsi; semjen zsolt; + 4 további
2026-07-29T07:35:00Z	2	nyugdíjpénztár	5 E+ keresés	trending_up	Aktív	21 órája	5 E+	arrow_upward	1 000%	21 órával ezelőtt	trending_up	Aktív	
2026-07-29T07:35:00Z	3	bús balázs	2 E+ keresés	trending_up	Aktív	20 órája	2 E+	arrow_upward	1 000%	20 órával ezelőtt	trending_up	Aktív	
2026-07-29T07:35:00Z	4	szőke krisztina	5 E+ keresés	trending_up	Aktív	22 órája	5 E+	arrow_upward	1 000%	22 órával ezelőtt	trending_up	Aktív	hujber ferenc felesége; hujber ferenc; + 1 további
2026-07-29T07:35:00Z	5	pénzcentrum.hu	1 E+ keresés	trending_up	Aktív	1 órája	1 E+	arrow_upward	1 000%	1 órával ezelőtt	trending_up	Aktív	
2026-07-29T07:35:00Z	6	andy burnham	2 E+ keresés	trending_up	Aktív	12 órája	2 E+	arrow_upward	1 000%	12 órával ezelőtt	trending_up	Aktív	
2026-07-29T07:35:00Z	7	medvetámadás	2 E+ keresés	trending_up	Aktív	16 órája	2 E+	arrow_upward	1 000%	16 órával ezelőtt	trending_up	Aktív	
2026-07-29T07:35:00Z	8	hőségriasztás	2 E+ keresés	trending_up	Aktív	16 órája	2 E+	arrow_upward	1 000%	16 órával ezelőtt	trending_up	Aktív	hőségriadó; harmadfokú hőségriasztás
2026-07-29T07:35:00Z	9	el niño	2 E+ keresés	trending_up	Aktív	4 órája	2 E+	arrow_upward	1 000%	4 órával ezelőtt	trending_up	Aktív	
2026-07-29T07:35:00Z	10	vírus	1 E+ keresés	trending_up	Aktív	3 órája	1 E+	arrow_upward	1 000%	3 órával ezelőtt	trending_up	Aktív	
2026-07-29T07:35:00Z	11	telihold	2 E+ keresés	trending_up	Aktív	15 órája	2 E+	arrow_upward	700%	15 órával ezelőtt	trending_up	Aktív	
2026-07-29T07:35:00Z	12	mvm paksi atomerőmű zrt.	2 E+ keresés	trending_up	Aktív	16 órája	2 E+	arrow_upward	900%	16 órával ezelőtt	trending_up	Aktív	vízállás; atomerőmű; duna vízállás
2026-07-29T07:35:00Z	13	lopás	1 E+ keresés	trending_up	Aktív	16 órája	1 E+	arrow_upward	1 000%	16 órával ezelőtt	trending_up	Aktív	
2026-07-29T07:35:00Z	14	herceg	5 E+ keresés	timelapse	Eddig tartott: 17 óra	17 órája	5 E+	arrow_upward	1 000%	17 órával ezelőtt	timelapse	Eddig tartott: 17 óra	
2026-07-29T07:35:00Z	15	közel-kelet	200+ keresés	trending_up	Aktív	1 órája	200+	arrow_upward	800%	1 órával ezelőtt	trending_up	Aktív	
2026-07-29T07:35:00Z	16	breel embolo	2 E+ keresés	timelapse	Eddig tartott: 20 óra	20 órája	2 E+	arrow_upward	1 000%	20 órával ezelőtt	timelapse	Eddig tartott: 20 óra	
2026-07-29T07:35:00Z	17	karácsony gergely	1 E+ keresés	timelapse	Eddig tartott: 15 óra	15 órája	1 E+	arrow_upward	700%	15 órával ezelőtt	timelapse	Eddig tartott: 15 óra	
2026-07-29T07:35:00Z	18	jég	5 E+ keresés	timelapse	Eddig tartott: 11 óra	21 órája	5 E+	arrow_upward	1 000%	21 órával ezelőtt	timelapse	Eddig tartott: 11 óra	
2026-07-29T07:35:00Z	19	ferencvárosi tc	2 E+ keresés	timelapse	Eddig tartott: 3 óra	4 órája	2 E+	arrow_upward	200%	4 órával ezelőtt	timelapse	Eddig tartott: 3 óra	fradi
2026-07-29T07:35:00Z	20	aston villa–real sociedad	2 E+ keresés	timelapse	Eddig tartott: 12 óra	13 órája	2 E+	arrow_upward	1 000%	13 órával ezelőtt	timelapse	Eddig tartott: 12 óra	
2026-07-29T07:35:00Z	21	pokorni zoltán	2 E+ keresés	timelapse	Eddig tartott: 22 óra	23 órája	2 E+	arrow_upward	1 000%	23 órával ezelőtt	timelapse	Eddig tartott: 22 óra	
2026-07-29T07:35:00Z	22	angol első osztályú labdarúgó bajnokság	1 E+ keresés	timelapse	Eddig tartott: 12 óra	12 órája	1 E+	arrow_upward	700%	12 órával ezelőtt	timelapse	Eddig tartott: 12 óra	angol első osztályú labdarúgó-bajnokság
2026-07-29T07:35:00Z	23	ukránok	500+ keresés	timelapse	Eddig tartott: 13 óra	14 órája	500+	arrow_upward	900%	14 órával ezelőtt	timelapse	Eddig tartott: 13 óra	
2026-07-29T07:35:00Z	24	stohl andrás	2 E+ keresés	timelapse	Eddig tartott: 20 óra	21 órája	2 E+	arrow_upward	1 000%	21 órával ezelőtt	timelapse	Eddig tartott: 20 óra	
2026-07-29T07:35:00Z	25	diósgyőri vtk	200+ keresés	timelapse	Eddig tartott: 5 óra	5 órája	200+	arrow_upward	600%	5 órával ezelőtt	timelapse	Eddig tartott: 5 óra	
2026-07-29T07:35:00Z	26	oroszok	2 E+ keresés	timelapse	Eddig tartott: 13 óra	16 órája	2 E+	arrow_upward	1 000%	16 órával ezelőtt	timelapse	Eddig tartott: 13 óra	
2026-07-29T07:35:00Z	27	chelsea–western sydney wanderers	2 E+ keresés	timelapse	Eddig tartott: 8 óra	22 órája	2 E+	arrow_upward	1 000%	22 órával ezelőtt	timelapse	Eddig tartott: 8 óra	
2026-07-29T07:35:00Z	28	xbox	2 E+ keresés	timelapse	Eddig tartott: 19 óra	21 órája	2 E+	arrow_upward	500%	21 órával ezelőtt	timelapse	Eddig tartott: 19 óra	
2026-07-29T07:35:00Z	29	vasvári vivien	1 E+ keresés	timelapse	Eddig tartott: 13 óra	15 órája	1 E+	arrow_upward	1 000%	15 órával ezelőtt	timelapse	Eddig tartott: 13 óra	
2026-07-29T07:35:00Z	30	formula–1	200+ keresés	timelapse	Eddig tartott: 1 óra	2 órája	200+	arrow_upward	600%	2 órával ezelőtt	timelapse	Eddig tartott: 1 óra	
2026-07-29T07:35:00Z	31	telihold 2026 július	1 E+ keresés	timelapse	Eddig tartott: 10 óra	12 órája	1 E+	arrow_upward	600%	12 órával ezelőtt	timelapse	Eddig tartott: 10 óra	
2026-07-29T07:35:00Z	32	szállodahajó	200+ keresés	timelapse	Eddig tartott: 10 óra	12 órája	200+	arrow_upward	400%	12 órával ezelőtt	timelapse	Eddig tartott: 10 óra	
2026-07-29T07:35:00Z	33	sárkányok háza	500+ keresés	timelapse	Eddig tartott: 13 óra	14 órája	500+	arrow_upward	200%	14 órával ezelőtt	timelapse	Eddig tartott: 13 óra	
2026-07-29T07:35:00Z	34	most wanted	1 E+ keresés	timelapse	Eddig tartott: 9 óra	19 órája	1 E+	arrow_upward	1 000%	19 órával ezelőtt	timelapse	Eddig tartott: 9 óra	
2026-07-29T07:35:00Z	35	meccsjegy fradi	2 E+ keresés	timelapse	Eddig tartott: 2 óra	19 órája	2 E+	arrow_upward	1 000%	19 órával ezelőtt	timelapse	Eddig tartott: 2 óra	fradi meccsjegy; meccsjegy fradi.hu; + 4 további
2026-07-29T07:35:00Z	36	neymar	100+ keresés	timelapse	Eddig tartott: 2 óra	5 órája	100+	arrow_upward	400%	5 órával ezelőtt	timelapse	Eddig tartott: 2 óra	
2026-07-29T07:35:00Z	37	m0 baleset	1 E+ keresés	timelapse	Eddig tartott: 5 óra	18 órája	1 E+	arrow_upward	1 000%	18 órával ezelőtt	timelapse	Eddig tartott: 5 óra	m0
2026-07-29T07:35:00Z	38	stoke–everton	100+ keresés	timelapse	Eddig tartott: 9 óra	11 órája	100+	arrow_upward	300%	11 órával ezelőtt	timelapse	Eddig tartott: 9 óra	
2026-07-29T07:35:00Z	39	cser-palkovics andrás	200+ keresés	timelapse	Eddig tartott: 14 óra	16 órája	200+	arrow_upward	1 000%	16 órával ezelőtt	timelapse	Eddig tartott: 14 óra	
2026-07-29T07:35:00Z	40	deutsch tamás	200+ keresés	timelapse	Eddig tartott: 16 óra	19 órája	200+	arrow_upward	800%	19 órával ezelőtt	timelapse	Eddig tartott: 16 óra	
2026-07-29T07:35:00Z	41	szinetár gábor	100+ keresés	timelapse	Eddig tartott: 11 óra	13 órája	100+	arrow_upward	400%	13 órával ezelőtt	timelapse	Eddig tartott: 11 óra	
2026-07-29T07:35:00Z	42	al-ahli–fulham	200+ keresés	timelapse	Eddig tartott: 2 óra	14 órája	200+	arrow_upward	1 000%	14 órával ezelőtt	timelapse	Eddig tartott: 2 óra	
2026-07-29T07:35:00Z	43	peller mariann	200+ keresés	timelapse	Eddig tartott: 6 óra	17 órája	200+	arrow_upward	500%	17 órával ezelőtt	timelapse	Eddig tartott: 6 óra	
2026-07-29T07:35:00Z	44	görögdinnye	200+ keresés	timelapse	Eddig tartott: 4 óra	17 órája	200+	arrow_upward	700%	17 órával ezelőtt	timelapse	Eddig tartott: 4 óra	
2026-07-29T07:35:00Z	45	hipa	200+ keresés	timelapse	Eddig tartott: 3 óra	18 órája	200+	arrow_upward	1 000%	18 órával ezelőtt	timelapse	Eddig tartott: 3 óra	
2026-07-29T07:35:00Z	46	rtl most wanted	200+ keresés	timelapse	Eddig tartott: 4 óra	19 órája	200+	arrow_upward	1 000%	19 órával ezelőtt	timelapse	Eddig tartott: 4 óra	
2026-07-29T07:35:00Z	47	kassák lajos utca	200+ keresés	timelapse	Eddig tartott: 3 óra	22 órája	200+	arrow_upward	600%	22 órával ezelőtt	timelapse	Eddig tartott: 3 óra	
2026-07-29T07:35:00Z	48	dobó kata	200+ keresés	timelapse	Eddig tartott: 5 óra	14 órája	200+	arrow_upward	500%	14 órával ezelőtt	timelapse	Eddig tartott: 5 óra	
2026-07-29T07:35:00Z	49	ios 26.6	100+ keresés	timelapse	Eddig tartott: 5 óra	14 órája	100+	arrow_upward	400%	14 órával ezelőtt	timelapse	Eddig tartott: 5 óra	
2026-07-29T07:35:00Z	50	konténer	200+ keresés	timelapse	Eddig tartott: 3 óra	20 órája	200+	arrow_upward	800%	20 órával ezelőtt	timelapse	Eddig tartott: 3 óra	
2026-07-29T07:35:00Z	51	h5-ös hév	200+ keresés	timelapse	Eddig tartott: 2 óra	20 órája	200+	arrow_upward	700%	20 órával ezelőtt	timelapse	Eddig tartott: 2 óra	
2026-07-29T07:35:00Z	52	nemzeti közszolgálati egyetem	100+ keresés	timelapse	Eddig tartott: 12 óra	14 órája	100+	arrow_upward	400%	14 órával ezelőtt	timelapse	Eddig tartott: 12 óra	
2026-07-29T07:35:00Z	53	nagy ádám	100+ keresés	timelapse	Eddig tartott: 11 óra	15 órája	100+	arrow_upward	200%	15 órával ezelőtt	timelapse	Eddig tartott: 11 óra	
2026-07-29T07:35:00Z	54	kumamoto	200+ keresés	timelapse	Eddig tartott: 1 óra	18 órája	200+	arrow_upward	1 000%	18 órával ezelőtt	timelapse	Eddig tartott: 1 óra	
2026-07-29T07:35:00Z	55	medjugorje	200+ keresés	timelapse	Eddig tartott: 6 óra	21 órája	200+	arrow_upward	500%	21 órával ezelőtt	timelapse	Eddig tartott: 6 óra	
2026-07-29T07:35:00Z	56	tom holland	200+ keresés	timelapse	Eddig tartott: 5 óra	13 órája	200+	arrow_upward	300%	13 órával ezelőtt	timelapse	Eddig tartott: 5 óra	zendaya
2026-07-29T07:35:00Z	57	fülesd	100+ keresés	timelapse	Eddig tartott: 12 óra	15 órája	100+	arrow_upward	1 000%	15 órával ezelőtt	timelapse	Eddig tartott: 12 óra	
2026-07-29T07:35:00Z	58	sony interactive entertainment	100+ keresés	timelapse	Eddig tartott: 3 óra	19 órája	100+	arrow_upward	600%	19 órával ezelőtt	timelapse	Eddig tartott: 3 óra	
2026-07-29T07:35:00Z	59	sydney sweeney	100+ keresés	timelapse	Eddig tartott: 1 óra	19 órája	100+	arrow_upward	600%	19 órával ezelőtt	timelapse	Eddig tartott: 1 óra	
2026-07-29T07:35:00Z	60	nemzeti vagyonvisszaszerzési és vagyonvédelmi hivatal	100+ keresés	timelapse	Eddig tartott: 30 perc	19 órája	100+	arrow_upward	800%	19 órával ezelőtt	timelapse	Eddig tartott: 30 perc	
2026-07-30T06:57:00Z	1	jogszabály	10 E+ keresés	trending_up	Aktív	23 órája	10 E+	arrow_upward	1 000%	23 órával ezelőtt	trending_up	Aktív	
2026-07-30T06:57:00Z	2	országgyűlés	10 E+ keresés	trending_up	Aktív	15 órája	10 E+	arrow_upward	1 000%	15 órával ezelőtt	trending_up	Aktív	mentelmi jog
2026-07-30T06:57:00Z	3	aston martin f1	2 E+ keresés	trending_up	Aktív	8 órája	2 E+	arrow_upward	1 000%	8 órával ezelőtt	trending_up	Aktív	
2026-07-30T06:57:00Z	4	tóth ildikó	2 E+ keresés	trending_up	Aktív	12 órája	2 E+	arrow_upward	1 000%	12 órával ezelőtt	trending_up	Aktív	
2026-07-30T06:57:00Z	5	mészáros lőrinc	5 E+ keresés	trending_up	Aktív	19 órája	5 E+	arrow_upward	1 000%	19 órával ezelőtt	trending_up	Aktív	
2026-07-30T06:57:00Z	6	kavinsky	5 E+ keresés	trending_up	Aktív	21 órája	5 E+	arrow_upward	1 000%	21 órával ezelőtt	trending_up	Aktív	dj kavinsky
2026-07-30T06:57:00Z	7	szoboszlai dominik	5 E+ keresés	trending_up	Aktív	5 órája	5 E+	arrow_upward	900%	5 órával ezelőtt	trending_up	Aktív	liverpool
2026-07-30T06:57:00Z	8	vállalat	1 E+ keresés	trending_up	Aktív	1 órája	1 E+	arrow_upward	1 000%	1 órával ezelőtt	trending_up	Aktív	
2026-07-30T06:57:00Z	9	személyazonosító igazolvány	2 E+ keresés	trending_up	Aktív	22 órája	2 E+	arrow_upward	1 000%	22 órával ezelőtt	trending_up	Aktív	
2026-07-30T06:57:00Z	10	hőmérséklet	2 E+ keresés	trending_up	Aktív	14 órája	2 E+	arrow_upward	1 000%	14 órával ezelőtt	trending_up	Aktív	
2026-07-30T06:57:00Z	11	pénz	5 E+ keresés	trending_up	Aktív	4 órája	5 E+	arrow_upward	1 000%	4 órával ezelőtt	trending_up	Aktív	
2026-07-30T06:57:00Z	12	kötelező rendszámcsere	1 E+ keresés	trending_up	Aktív	10 órája	1 E+	arrow_upward	1 000%	10 órával ezelőtt	trending_up	Aktív	
2026-07-30T06:57:00Z	13	glen hansard	1 E+ keresés	trending_up	Aktív	17 órája	1 E+	arrow_upward	1 000%	17 órával ezelőtt	trending_up	Aktív	
2026-07-30T06:57:00Z	14	el niño	1 E+ keresés	trending_up	Aktív	3 órája	1 E+	arrow_upward	400%	3 órával ezelőtt	trending_up	Aktív	
2026-07-30T06:57:00Z	15	virus	1 E+ keresés	trending_up	Aktív	21 órája	1 E+	arrow_upward	800%	21 órával ezelőtt	trending_up	Aktív	
2026-07-30T06:57:00Z	16	magyar forint	1 E+ keresés	trending_up	Aktív	3 órája	1 E+	arrow_upward	400%	3 órával ezelőtt	trending_up	Aktív	
2026-07-30T06:57:00Z	17	jared leto	1 E+ keresés	trending_up	Aktív	21 órája	1 E+	arrow_upward	500%	21 órával ezelőtt	trending_up	Aktív	
2026-07-30T06:57:00Z	18	kékszalag	200+ keresés	trending_up	Aktív	1 órája	200+	arrow_upward	600%	1 órával ezelőtt	trending_up	Aktív	kekszalag
2026-07-30T06:57:00Z	19	helikon strand	200+ keresés	trending_up	Aktív	2 órája	200+	arrow_upward	1 000%	2 órával ezelőtt	trending_up	Aktív	
2026-07-30T06:57:00Z	20	mezőgazdaság	10 E+ keresés	timelapse	Eddig tartott: 20 óra	22 órája	10 E+	arrow_upward	1 000%	22 órával ezelőtt	timelapse	Eddig tartott: 20 óra	
2026-07-30T06:57:00Z	21	államadósság kezelő központ	1 E+ keresés	trending_up	Aktív	12 órája	1 E+	arrow_upward	600%	12 órával ezelőtt	trending_up	Aktív	államadósság-kezelő központ
2026-07-30T06:57:00Z	22	semmelweis egyetem	10 E+ keresés	timelapse	Eddig tartott: 17 óra	17 órája	10 E+	arrow_upward	1 000%	17 órával ezelőtt	timelapse	Eddig tartott: 17 óra	ipari alpinista; szent rókus kórház
2026-07-30T06:57:00Z	23	pótfelvételi 2026	200+ keresés	trending_up	Aktív	10 perce	200+	arrow_upward	400%	10 perccel ezelőtt	trending_up	Aktív	
2026-07-30T06:57:00Z	24	ozora fesztivál	500+ keresés	trending_up	Aktív	13 órája	500+	arrow_upward	100%	13 órával ezelőtt	trending_up	Aktív	
2026-07-30T06:57:00Z	25	szűcs luca	1 E+ keresés	trending_up	Aktív	19 órája	1 E+	arrow_upward	700%	19 órával ezelőtt	trending_up	Aktív	battai sugár
2026-07-30T06:57:00Z	26	duna	2 E+ keresés	timelapse	Eddig tartott: 3 óra	3 órája	2 E+	arrow_upward	1 000%	3 órával ezelőtt	timelapse	Eddig tartott: 3 óra	vízhiány; duna vízállás
2026-07-30T06:57:00Z	27	atlético madrid–getafe	1 E+ keresés	timelapse	Eddig tartott: 12 óra	12 órája	1 E+	arrow_upward	1 000%	12 órával ezelőtt	timelapse	Eddig tartott: 12 óra	
2026-07-30T06:57:00Z	28	egészségügy	2 E+ keresés	timelapse	Eddig tartott: 11 óra	12 órája	2 E+	arrow_upward	1 000%	12 órával ezelőtt	timelapse	Eddig tartott: 11 óra	
2026-07-30T06:57:00Z	29	új szó	100+ keresés	trending_up	Aktív	1 órája	100+	arrow_upward	400%	1 órával ezelőtt	trending_up	Aktív	
2026-07-30T06:57:00Z	30	charlize theron	100+ keresés	trending_up	Aktív	40 perce	100+	arrow_upward	700%	40 perccel ezelőtt	trending_up	Aktív	
2026-07-30T06:57:00Z	31	kiszel tünde	2 E+ keresés	timelapse	Eddig tartott: 20 óra	20 órája	2 E+	arrow_upward	1 000%	20 órával ezelőtt	timelapse	Eddig tartott: 20 óra	
2026-07-30T06:57:00Z	32	liverpool vs wrexham	500+ keresés	timelapse	Eddig tartott: 6 óra	6 órája	500+	arrow_upward	500%	6 órával ezelőtt	timelapse	Eddig tartott: 6 óra	liverpool fc; liverpool wrexham
2026-07-30T06:57:00Z	33	ballisztikus rakéta	2 E+ keresés	timelapse	Eddig tartott: 20 óra	22 órája	2 E+	arrow_upward	1 000%	22 órával ezelőtt	timelapse	Eddig tartott: 20 óra	
2026-07-30T06:57:00Z	34	borbély balázs	1 E+ keresés	timelapse	Eddig tartott: 11 óra	12 órája	1 E+	arrow_upward	1 000%	12 órával ezelőtt	timelapse	Eddig tartott: 11 óra	
2026-07-30T06:57:00Z	35	audi q9	1 E+ keresés	timelapse	Eddig tartott: 14 óra	22 órája	1 E+	arrow_upward	1 000%	22 órával ezelőtt	timelapse	Eddig tartott: 14 óra	
2026-07-30T06:57:00Z	36	bradley barcola	500+ keresés	timelapse	Eddig tartott: 18 óra	20 órája	500+	arrow_upward	300%	20 órával ezelőtt	timelapse	Eddig tartott: 18 óra	
2026-07-30T06:57:00Z	37	aszály	2 E+ keresés	timelapse	Eddig tartott: 19 óra	22 órája	2 E+	arrow_upward	1 000%	22 órával ezelőtt	timelapse	Eddig tartott: 19 óra	
2026-07-30T06:57:00Z	38	állami számvevőszék	2 E+ keresés	timelapse	Eddig tartott: 12 óra	14 órája	2 E+	arrow_upward	1 000%	14 órával ezelőtt	timelapse	Eddig tartott: 12 óra	windisch lászló
2026-07-30T06:57:00Z	39	ingatlan	1 E+ keresés	timelapse	Eddig tartott: 15 óra	16 órája	1 E+	arrow_upward	100%	16 órával ezelőtt	timelapse	Eddig tartott: 15 óra	
2026-07-30T06:57:00Z	40	tottenham–sydney	2 E+ keresés	timelapse	Eddig tartott: 7 óra	21 órája	2 E+	arrow_upward	1 000%	21 órával ezelőtt	timelapse	Eddig tartott: 7 óra	
2026-07-30T06:57:00Z	41	toto wolff	2 E+ keresés	timelapse	Eddig tartott: 8 óra	20 órája	2 E+	arrow_upward	1 000%	20 órával ezelőtt	timelapse	Eddig tartott: 8 óra	
2026-07-30T06:57:00Z	42	kármán andrás	200+ keresés	timelapse	Eddig tartott: 9 óra	10 órája	200+	arrow_upward	400%	10 órával ezelőtt	timelapse	Eddig tartott: 9 óra	
2026-07-30T06:57:00Z	43	augusztus	200+ keresés	timelapse	Eddig tartott: 3 óra	3 órája	200+	arrow_upward	300%	3 órával ezelőtt	timelapse	Eddig tartott: 3 óra	
2026-07-30T06:57:00Z	44	megtakarítás	1 E+ keresés	timelapse	Eddig tartott: 7 óra	18 órája	1 E+	arrow_upward	1 000%	18 órával ezelőtt	timelapse	Eddig tartott: 7 óra	
2026-07-30T06:57:00Z	45	szuvák attila	500+ keresés	timelapse	Eddig tartott: 18 óra	21 órája	500+	arrow_upward	1 000%	21 órával ezelőtt	timelapse	Eddig tartott: 18 óra	
2026-07-30T06:57:00Z	46	spider man brand new day	1 E+ keresés	timelapse	Eddig tartott: 8 óra	12 órája	1 E+	arrow_upward	100%	12 órával ezelőtt	timelapse	Eddig tartott: 8 óra	spiderman brand new day; sadie sink
2026-07-30T06:57:00Z	47	burnley–espanyol	500+ keresés	timelapse	Eddig tartott: 10 óra	11 órája	500+	arrow_upward	600%	11 órával ezelőtt	timelapse	Eddig tartott: 10 óra	
2026-07-30T06:57:00Z	48	natalie portman	500+ keresés	timelapse	Eddig tartott: 15 óra	15 órája	500+	arrow_upward	500%	15 órával ezelőtt	timelapse	Eddig tartott: 15 óra	
2026-07-30T06:57:00Z	49	támogatás	100+ keresés	timelapse	Eddig tartott: 2 óra	3 órája	100+	arrow_upward	200%	3 órával ezelőtt	timelapse	Eddig tartott: 2 óra	
2026-07-30T06:57:00Z	50	július 29	1 E+ keresés	timelapse	Eddig tartott: 15 óra	17 órája	1 E+	arrow_upward	600%	17 órával ezelőtt	timelapse	Eddig tartott: 15 óra	horoszkóp
2026-07-30T06:57:00Z	51	irán	200+ keresés	timelapse	Eddig tartott: 1 óra	3 órája	200+	arrow_upward	800%	3 órával ezelőtt	timelapse	Eddig tartott: 1 óra	
2026-07-30T06:57:00Z	52	cody gakpo	1 E+ keresés	timelapse	Eddig tartott: 7 óra	21 órája	1 E+	arrow_upward	1 000%	21 órával ezelőtt	timelapse	Eddig tartott: 7 óra	
2026-07-30T06:57:00Z	53	hogyan tudnék élni nélküled előzetes	200+ keresés	timelapse	Eddig tartott: 9 óra	10 órája	200+	arrow_upward	300%	10 órával ezelőtt	timelapse	Eddig tartott: 9 óra	hogyan tudnék élni nélküled 2
2026-07-30T06:57:00Z	54	jean grey	200+ keresés	timelapse	Eddig tartott: 4 óra	11 órája	200+	arrow_upward	400%	11 órával ezelőtt	timelapse	Eddig tartott: 4 óra	
2026-07-30T06:57:00Z	55	gyász	500+ keresés	timelapse	Eddig tartott: 4 óra	20 órája	500+	arrow_upward	800%	20 órával ezelőtt	timelapse	Eddig tartott: 4 óra	
2026-07-30T06:57:00Z	56	bács kati	200+ keresés	timelapse	Eddig tartott: 3 óra	14 órája	200+	arrow_upward	1 000%	14 órával ezelőtt	timelapse	Eddig tartott: 3 óra	
2026-07-30T06:57:00Z	57	hapoel be'er sheva–vikingur	200+ keresés	timelapse	Eddig tartott: 2 óra	12 órája	200+	arrow_upward	1 000%	12 órával ezelőtt	timelapse	Eddig tartott: 2 óra	
2026-07-30T06:57:00Z	58	pokember vadonatuj nap	200+ keresés	timelapse	Eddig tartott: 10 óra	15 órája	200+	arrow_upward	200%	15 órával ezelőtt	timelapse	Eddig tartott: 10 óra	pókember
2026-07-30T06:57:00Z	59	liptai claudia	100+ keresés	timelapse	Eddig tartott: 10 óra	12 órája	100+	arrow_upward	600%	12 órával ezelőtt	timelapse	Eddig tartott: 10 óra	
2026-07-30T06:57:00Z	60	erdőtűz	200+ keresés	timelapse	Eddig tartott: 3 óra	18 órája	200+	arrow_upward	700%	18 órával ezelőtt	timelapse	Eddig tartott: 3 óra	
2026-07-30T06:57:00Z	61	metró	200+ keresés	timelapse	Eddig tartott: 1 óra	16 órája	200+	arrow_upward	800%	16 órával ezelőtt	timelapse	Eddig tartott: 1 óra	
2026-07-30T06:57:00Z	62	exek csatája	200+ keresés	timelapse	Eddig tartott: 1 óra	20 órája	200+	arrow_upward	1 000%	20 órával ezelőtt	timelapse	Eddig tartott: 1 óra	
2026-07-30T06:57:00Z	63	július 29.	200+ keresés	timelapse	Eddig tartott: 3 óra	19 órája	200+	arrow_upward	500%	19 órával ezelőtt	timelapse	Eddig tartott: 3 óra	
2026-07-30T06:57:00Z	64	tom holland	100+ keresés	timelapse	Eddig tartott: 1 óra	9 órája	100+	arrow_upward	100%	9 órával ezelőtt	timelapse	Eddig tartott: 1 óra	
2026-07-30T06:57:00Z	65	betis–lyon	100+ keresés	timelapse	Eddig tartott: 1 óra	11 órája	100+	arrow_upward	500%	11 órával ezelőtt	timelapse	Eddig tartott: 1 óra	
2026-07-30T06:57:00Z	66	lol classic	100+ keresés	timelapse	Eddig tartott: 3 óra	15 órája	100+	arrow_upward	600%	15 órával ezelőtt	timelapse	Eddig tartott: 3 óra	
2026-07-30T06:57:00Z	67	telihold 2026	100+ keresés	timelapse	Eddig tartott: 6 óra	10 órája	100+	arrow_upward	200%	10 órával ezelőtt	timelapse	Eddig tartott: 6 óra	
2026-07-30T06:57:00Z	68	macaulay culkin	200+ keresés	timelapse	Eddig tartott: 1 óra	21 órája	200+	arrow_upward	1 000%	21 órával ezelőtt	timelapse	Eddig tartott: 1 óra	
2026-07-30T06:57:00Z	69	fővárosi vízművek	100+ keresés	timelapse	Eddig tartott: 50 perc	11 órája	100+	arrow_upward	600%	11 órával ezelőtt	timelapse	Eddig tartott: 50 perc	
2026-07-30T06:57:00Z	70	lol classic release date	100+ keresés	timelapse	Eddig tartott: 2 óra	14 órája	100+	arrow_upward	300%	14 órával ezelőtt	timelapse	Eddig tartott: 2 óra	
2026-07-30T06:57:00Z	71	védelmi miniszter	100+ keresés	timelapse	Eddig tartott: 1 óra	20 órája	100+	arrow_upward	1 000%	20 órával ezelőtt	timelapse	Eddig tartott: 1 óra	
2026-07-30T06:57:00Z	72	krausz gábor	100+ keresés	timelapse	Eddig tartott: 1 óra	14 órája	100+	arrow_upward	200%	14 órával ezelőtt	timelapse	Eddig tartott: 1 óra	
2026-07-30T13:10:00Z	1	porpáczy krisztina	10 E+ keresés	trending_up	Aktív	5 órája	10 E+	arrow_upward	1 000%	5 órával ezelőtt	trending_up	Aktív	
2026-07-30T13:10:00Z	2	országgyűlés	20 E+ keresés	trending_up	Aktív	21 órája	20 E+	arrow_upward	1 000%	21 órával ezelőtt	trending_up	Aktív	mentelmi jog
2026-07-30T13:10:00Z	3	rezsicsökkentés	2 E+ keresés	trending_up	Aktív	2 órája	2 E+	arrow_upward	1 000%	2 órával ezelőtt	trending_up	Aktív	kármán andrás
2026-07-30T13:10:00Z	4	aston martin f1	5 E+ keresés	trending_up	Aktív	15 órája	5 E+	arrow_upward	1 000%	15 órával ezelőtt	trending_up	Aktív	
2026-07-30T13:10:00Z	5	király utca	2 E+ keresés	trending_up	Aktív	2 órája	2 E+	arrow_upward	1 000%	2 órával ezelőtt	trending_up	Aktív	
2026-07-30T13:10:00Z	6	kötelező rendszámcsere	2 E+ keresés	trending_up	Aktív	16 órája	2 E+	arrow_upward	1 000%	16 órával ezelőtt	trending_up	Aktív	
2026-07-30T13:10:00Z	7	vállalat	5 E+ keresés	trending_up	Aktív	7 órája	5 E+	arrow_upward	1 000%	7 órával ezelőtt	trending_up	Aktív	
2026-07-30T13:10:00Z	8	tóth ildikó	5 E+ keresés	trending_up	Aktív	18 órája	5 E+	arrow_upward	1 000%	18 órával ezelőtt	trending_up	Aktív	várkonyi andrea
2026-07-30T13:10:00Z	9	index.hu	2 E+ keresés	trending_up	Aktív	2 órája	2 E+	arrow_upward	1 000%	2 órával ezelőtt	trending_up	Aktív	
2026-07-30T13:10:00Z	10	varga edit	2 E+ keresés	trending_up	Aktív	4 órája	2 E+	arrow_upward	1 000%	4 órával ezelőtt	trending_up	Aktív	varga edit műsorvezető
2026-07-30T13:10:00Z	11	paksi atomerőmű	2 E+ keresés	trending_up	Aktív	3 órája	2 E+	arrow_upward	1 000%	3 órával ezelőtt	trending_up	Aktív	paks; duna
2026-07-30T13:10:00Z	12	helikon strand	2 E+ keresés	trending_up	Aktív	8 órája	2 E+	arrow_upward	1 000%	8 órával ezelőtt	trending_up	Aktív	
2026-07-30T13:10:00Z	13	kékszalag	2 E+ keresés	trending_up	Aktív	7 órája	2 E+	arrow_upward	700%	7 órával ezelőtt	trending_up	Aktív	kekszalag; kékszalag közvetítés; kék szalag 2026
2026-07-30T13:10:00Z	14	marc cucurella	1 E+ keresés	trending_up	Aktív	2 órája	1 E+	arrow_upward	1 000%	2 órával ezelőtt	trending_up	Aktív	
2026-07-30T13:10:00Z	15	klebelsberg központ	1 E+ keresés	trending_up	Aktív	3 órája	1 E+	arrow_upward	1 000%	3 órával ezelőtt	trending_up	Aktív	
2026-07-30T13:10:00Z	16	horváth csenge	500+ keresés	trending_up	Aktív	50 perce	500+	arrow_upward	1 000%	50 perccel ezelőtt	trending_up	Aktív	
2026-07-30T13:10:00Z	17	tóth máté	200+ keresés	trending_up	Aktív	40 perce	200+	arrow_upward	1 000%	40 perccel ezelőtt	trending_up	Aktív	mi hazánk mozgalom
2026-07-30T13:10:00Z	18	euró	500+ keresés	trending_up	Aktív	3 órája	500+	arrow_upward	700%	3 órával ezelőtt	trending_up	Aktív	
2026-07-30T13:10:00Z	19	szuverenitásvédelmi hivatal	500+ keresés	trending_up	Aktív	5 órája	500+	arrow_upward	900%	5 órával ezelőtt	trending_up	Aktív	
2026-07-30T13:10:00Z	20	windisch lászló	2 E+ keresés	trending_up	Aktív	23 órája	2 E+	arrow_upward	1 000%	23 órával ezelőtt	trending_up	Aktív	állami számvevőszék
2026-07-30T13:10:00Z	21	államtitkár	200+ keresés	trending_up	Aktív	3 órája	200+	arrow_upward	1 000%	3 órával ezelőtt	trending_up	Aktív	
2026-07-30T13:10:00Z	22	felvi pótfelvételi 2026	1 E+ keresés	trending_up	Aktív	5 órája	1 E+	arrow_upward	800%	5 órával ezelőtt	trending_up	Aktív	pótfelvételi 2026; felvi pótfelvételi; + 1 további
2026-07-30T13:10:00Z	23	hőmérséklet	5 E+ keresés	timelapse	Eddig tartott: 17 óra	21 órája	5 E+	arrow_upward	1 000%	21 órával ezelőtt	timelapse	Eddig tartott: 17 óra	
2026-07-30T13:10:00Z	24	szoboszlai dominik	5 E+ keresés	timelapse	Eddig tartott: 6 óra	11 órája	5 E+	arrow_upward	800%	11 órával ezelőtt	timelapse	Eddig tartott: 6 óra	
2026-07-30T13:10:00Z	25	lukas podolski	100+ keresés	trending_up	Aktív	1 órája	100+	arrow_upward	1 000%	1 órával ezelőtt	trending_up	Aktív	
2026-07-30T13:10:00Z	26	balla péter	100+ keresés	trending_up	Aktív	1 órája	100+	arrow_upward	1 000%	1 órával ezelőtt	trending_up	Aktív	
2026-07-30T13:10:00Z	27	pénz	5 E+ keresés	timelapse	Eddig tartott: 5 óra	10 órája	5 E+	arrow_upward	1 000%	10 órával ezelőtt	timelapse	Eddig tartott: 5 óra	
2026-07-30T13:10:00Z	28	el niño	2 E+ keresés	timelapse	Eddig tartott: 4 óra	9 órája	2 E+	arrow_upward	300%	9 órával ezelőtt	timelapse	Eddig tartott: 4 óra	
2026-07-30T13:10:00Z	29	debreceni vsc	500+ keresés	timelapse	Eddig tartott: 1 óra	3 órája	500+	arrow_upward	1 000%	3 órával ezelőtt	timelapse	Eddig tartott: 1 óra	
2026-07-30T13:10:00Z	30	liptai claudia	200+ keresés	trending_up	Aktív	18 órája	200+	arrow_upward	800%	18 órával ezelőtt	trending_up	Aktív	
2026-07-30T13:10:00Z	31	atlético madrid–getafe	1 E+ keresés	timelapse	Eddig tartott: 12 óra	18 órája	1 E+	arrow_upward	1 000%	18 órával ezelőtt	timelapse	Eddig tartott: 12 óra	
2026-07-30T13:10:00Z	32	magyar forint	1 E+ keresés	timelapse	Eddig tartott: 3 óra	9 órája	1 E+	arrow_upward	400%	9 órával ezelőtt	timelapse	Eddig tartott: 3 óra	
2026-07-30T13:10:00Z	33	egészségügy	2 E+ keresés	timelapse	Eddig tartott: 11 óra	18 órája	2 E+	arrow_upward	1 000%	18 órával ezelőtt	timelapse	Eddig tartott: 11 óra	
2026-07-30T13:10:00Z	34	ónodi adél	500+ keresés	timelapse	Eddig tartott: 13 óra	17 órája	500+	arrow_upward	500%	17 órával ezelőtt	timelapse	Eddig tartott: 13 óra	
2026-07-30T13:10:00Z	35	államadósság kezelő központ	1 E+ keresés	timelapse	Eddig tartott: 17 óra	18 órája	1 E+	arrow_upward	600%	18 órával ezelőtt	timelapse	Eddig tartott: 17 óra	
2026-07-30T13:10:00Z	36	markus söder	100+ keresés	timelapse	Eddig tartott: 1 óra	2 órája	100+	arrow_upward	1 000%	2 órával ezelőtt	timelapse	Eddig tartott: 1 óra	
2026-07-30T13:10:00Z	37	borbély balázs	1 E+ keresés	timelapse	Eddig tartott: 11 óra	18 órája	1 E+	arrow_upward	1 000%	18 órával ezelőtt	timelapse	Eddig tartott: 11 óra	
2026-07-30T13:10:00Z	38	liverpool vs wrexham	1 E+ keresés	timelapse	Eddig tartott: 6 óra	12 órája	1 E+	arrow_upward	500%	12 órával ezelőtt	timelapse	Eddig tartott: 6 óra	liverpool; liverpool fc; liverpool wrexham
2026-07-30T13:10:00Z	39	ozora fesztivál	500+ keresés	timelapse	Eddig tartott: 15 óra	19 órája	500+	arrow_upward	200%	19 órával ezelőtt	timelapse	Eddig tartott: 15 óra	
2026-07-30T13:10:00Z	40	ingatlan	1 E+ keresés	timelapse	Eddig tartott: 15 óra	22 órája	1 E+	arrow_upward	100%	22 órával ezelőtt	timelapse	Eddig tartott: 15 óra	
2026-07-30T13:10:00Z	41	natalie portman	500+ keresés	timelapse	Eddig tartott: 15 óra	21 órája	500+	arrow_upward	600%	21 órával ezelőtt	timelapse	Eddig tartott: 15 óra	
2026-07-30T13:10:00Z	42	karácsony gergely	100+ keresés	timelapse	Eddig tartott: 1 óra	3 órája	100+	arrow_upward	1 000%	3 órával ezelőtt	timelapse	Eddig tartott: 1 óra	
2026-07-30T13:10:00Z	43	spider man brand new day	1 E+ keresés	timelapse	Eddig tartott: 8 óra	18 órája	1 E+	arrow_upward	100%	18 órával ezelőtt	timelapse	Eddig tartott: 8 óra	spiderman brand new day; sadie sink
2026-07-30T13:10:00Z	44	hogyan tudnék élni nélküled előzetes	200+ keresés	timelapse	Eddig tartott: 15 óra	16 órája	200+	arrow_upward	300%	16 órával ezelőtt	timelapse	Eddig tartott: 15 óra	
2026-07-30T13:10:00Z	45	július 29	1 E+ keresés	timelapse	Eddig tartott: 15 óra	23 órája	1 E+	arrow_upward	600%	23 órával ezelőtt	timelapse	Eddig tartott: 15 óra	horoszkóp
2026-07-30T13:10:00Z	46	burnley–espanyol	500+ keresés	timelapse	Eddig tartott: 10 óra	17 órája	500+	arrow_upward	600%	17 órával ezelőtt	timelapse	Eddig tartott: 10 óra	
2026-07-30T13:10:00Z	47	máv	200+ keresés	timelapse	Eddig tartott: 30 perc	2 órája	200+	arrow_upward	75%	2 órával ezelőtt	timelapse	Eddig tartott: 30 perc	
2026-07-30T13:10:00Z	48	augusztus	200+ keresés	timelapse	Eddig tartott: 3 óra	10 órája	200+	arrow_upward	300%	10 órával ezelőtt	timelapse	Eddig tartott: 3 óra	
2026-07-30T13:10:00Z	49	harlan coben	100+ keresés	timelapse	Eddig tartott: 1 óra	6 órája	100+	arrow_upward	400%	6 órával ezelőtt	timelapse	Eddig tartott: 1 óra	
2026-07-30T13:10:00Z	50	szent rókus kórház	200+ keresés	timelapse	Eddig tartott: 4 óra	20 órája	200+	arrow_upward	700%	20 órával ezelőtt	timelapse	Eddig tartott: 4 óra	
2026-07-30T13:10:00Z	51	jean grey	200+ keresés	timelapse	Eddig tartott: 4 óra	17 órája	200+	arrow_upward	400%	17 órával ezelőtt	timelapse	Eddig tartott: 4 óra	
2026-07-30T13:10:00Z	52	vadhajtások	200+ keresés	timelapse	Eddig tartott: 1 óra	5 órája	200+	arrow_upward	100%	5 órával ezelőtt	timelapse	Eddig tartott: 1 óra	
2026-07-30T13:10:00Z	53	ester expósito	100+ keresés	timelapse	Eddig tartott: 30 perc	3 órája	100+	arrow_upward	1 000%	3 órával ezelőtt	timelapse	Eddig tartott: 30 perc	
2026-07-30T13:10:00Z	54	bács kati	200+ keresés	timelapse	Eddig tartott: 3 óra	21 órája	200+	arrow_upward	1 000%	21 órával ezelőtt	timelapse	Eddig tartott: 3 óra	
2026-07-30T13:10:00Z	55	irán	200+ keresés	timelapse	Eddig tartott: 1 óra	9 órája	200+	arrow_upward	800%	9 órával ezelőtt	timelapse	Eddig tartott: 1 óra	
2026-07-30T13:10:00Z	56	támogatás	100+ keresés	timelapse	Eddig tartott: 2 óra	9 órája	100+	arrow_upward	100%	9 órával ezelőtt	timelapse	Eddig tartott: 2 óra	
2026-07-30T13:10:00Z	57	új szó	100+ keresés	timelapse	Eddig tartott: 1 óra	7 órája	100+	arrow_upward	300%	7 órával ezelőtt	timelapse	Eddig tartott: 1 óra	
2026-07-30T13:10:00Z	58	hapoel be'er sheva–vikingur	200+ keresés	timelapse	Eddig tartott: 2 óra	19 órája	200+	arrow_upward	1 000%	19 órával ezelőtt	timelapse	Eddig tartott: 2 óra	
2026-07-30T13:10:00Z	59	pokember vadonatuj nap	200+ keresés	timelapse	Eddig tartott: 10 óra	21 órája	200+	arrow_upward	200%	21 órával ezelőtt	timelapse	Eddig tartott: 10 óra	pókember
2026-07-30T13:10:00Z	60	metró	200+ keresés	timelapse	Eddig tartott: 1 óra	22 órája	200+	arrow_upward	800%	22 órával ezelőtt	timelapse	Eddig tartott: 1 óra	
2026-07-30T13:10:00Z	61	duna vízállás	100+ keresés	timelapse	Eddig tartott: 50 perc	8 órája	100+	arrow_upward	100%	8 órával ezelőtt	timelapse	Eddig tartott: 50 perc	fővárosi vízművek
2026-07-30T13:10:00Z	62	lol classic	100+ keresés	timelapse	Eddig tartott: 3 óra	21 órája	100+	arrow_upward	600%	21 órával ezelőtt	timelapse	Eddig tartott: 3 óra	
2026-07-30T13:10:00Z	63	betis–lyon	100+ keresés	timelapse	Eddig tartott: 1 óra	17 órája	100+	arrow_upward	500%	17 órával ezelőtt	timelapse	Eddig tartott: 1 óra	
2026-07-30T13:10:00Z	64	tom holland	100+ keresés	timelapse	Eddig tartott: 1 óra	15 órája	100+	arrow_upward	100%	15 órával ezelőtt	timelapse	Eddig tartott: 1 óra	
2026-07-30T13:10:00Z	65	debrecen	100+ keresés	timelapse	Eddig tartott: 10 óra	20 órája	100+	arrow_upward	100%	20 órával ezelőtt	timelapse	Eddig tartott: 10 óra	
2026-07-30T13:10:00Z	66	telihold 2026	100+ keresés	timelapse	Eddig tartott: 6 óra	17 órája	100+	arrow_upward	200%	17 órával ezelőtt	timelapse	Eddig tartott: 6 óra	
2026-07-30T13:10:00Z	67	lol classic release date	100+ keresés	timelapse	Eddig tartott: 2 óra	20 órája	100+	arrow_upward	300%	20 órával ezelőtt	timelapse	Eddig tartott: 2 óra	
2026-07-30T13:10:00Z	68	krausz gábor	100+ keresés	timelapse	Eddig tartott: 1 óra	20 órája	100+	arrow_upward	200%	20 órával ezelőtt	timelapse	Eddig tartott: 1 óra	
2026-07-30T13:10:00Z	69	anne hathaway	100+ keresés	timelapse	Eddig tartott: 6 óra	19 órája	100+	arrow_upward	100%	19 órával ezelőtt	timelapse	Eddig tartott: 6 óra	
2026-07-31T10:01:00Z	1	mvm zrt.	20 E+ keresés	trending_up	Aktív	18 órája	20 E+	arrow_upward	1 000%	18 órával ezelőtt	trending_up	Aktív	paksi atomerőmű; paks; paksi atomerőmű leállítás; + 6 további
2026-07-31T10:01:00Z	2	rezsicsökkentés	20 E+ keresés	trending_up	Aktív	23 órája	20 E+	arrow_upward	1 000%	23 órával ezelőtt	trending_up	Aktív	
2026-07-31T10:01:00Z	3	magyar hang	5 E+ keresés	trending_up	Aktív	4 órája	5 E+	arrow_upward	1 000%	4 órával ezelőtt	trending_up	Aktív	
2026-07-31T10:01:00Z	4	adó	5 E+ keresés	trending_up	Aktív	3 órája	5 E+	arrow_upward	1 000%	3 órával ezelőtt	trending_up	Aktív	
2026-07-31T10:01:00Z	5	ceuta	5 E+ keresés	trending_up	Aktív	19 órája	5 E+	arrow_upward	1 000%	19 órával ezelőtt	trending_up	Aktív	
2026-07-31T10:01:00Z	6	gálvölgyi judit	2 E+ keresés	trending_up	Aktív	1 órája	2 E+	arrow_upward	1 000%	1 órával ezelőtt	trending_up	Aktív	gálvölgyi jános; gálvölgyi
2026-07-31T10:01:00Z	7	nyugdíj	10 E+ keresés	trending_up	Aktív	5 órája	10 E+	arrow_upward	1 000%	5 órával ezelőtt	trending_up	Aktív	
2026-07-31T10:01:00Z	8	ftc–twente	10 E+ keresés	trending_up	Aktív	16 órája	10 E+	arrow_upward	1 000%	16 órával ezelőtt	trending_up	Aktív	ftc twente; fradi meccs; fradi twente; + 7 további
2026-07-31T10:01:00Z	9	franco baresi	2 E+ keresés	trending_up	Aktív	3 órája	2 E+	arrow_upward	1 000%	3 órával ezelőtt	trending_up	Aktív	baresi
2026-07-31T10:01:00Z	10	szerencsejáték	2 E+ keresés	trending_up	Aktív	13 órája	2 E+	arrow_upward	200%	13 órával ezelőtt	trending_up	Aktív	
2026-07-31T10:01:00Z	11	michael olise	500+ keresés	trending_up	Aktív	3 órája	500+	arrow_upward	900%	3 órával ezelőtt	trending_up	Aktív	
2026-07-31T10:01:00Z	12	sarka kata	1 E+ keresés	trending_up	Aktív	5 órája	1 E+	arrow_upward	1 000%	5 órával ezelőtt	trending_up	Aktív	
2026-07-31T10:01:00Z	13	karyna shuliak	1 E+ keresés	trending_up	Aktív	12 órája	1 E+	arrow_upward	800%	12 órával ezelőtt	trending_up	Aktív	
2026-07-31T10:01:00Z	14	rodolfo	200+ keresés	trending_up	Aktív	30 perce	200+	arrow_upward	1 000%	30 perccel ezelőtt	trending_up	Aktív	
2026-07-31T10:01:00Z	15	etna	500+ keresés	trending_up	Aktív	13 órája	500+	arrow_upward	700%	13 órával ezelőtt	trending_up	Aktív	
2026-07-31T10:01:00Z	16	curtis jones	1 E+ keresés	trending_up	Aktív	12 órája	1 E+	arrow_upward	800%	12 órával ezelőtt	trending_up	Aktív	
2026-07-31T10:01:00Z	17	baranyi krisztina	10 E+ keresés	timelapse	Eddig tartott: 13 óra	15 órája	10 E+	arrow_upward	1 000%	15 órával ezelőtt	timelapse	Eddig tartott: 13 óra	király utca
2026-07-31T10:01:00Z	18	edző	200+ keresés	trending_up	Aktív	1 órája	200+	arrow_upward	1 000%	1 órával ezelőtt	trending_up	Aktív	
2026-07-31T10:01:00Z	19	mesterséges intelligencia	200+ keresés	trending_up	Aktív	1 órája	200+	arrow_upward	1 000%	1 órával ezelőtt	trending_up	Aktív	
2026-07-31T10:01:00Z	20	andoni iraola	200+ keresés	trending_up	Aktív	5 órája	200+	arrow_upward	500%	5 órával ezelőtt	trending_up	Aktív	
2026-07-31T10:01:00Z	21	öntözés	2 E+ keresés	timelapse	Eddig tartott: 18 óra	19 órája	2 E+	arrow_upward	1 000%	19 órával ezelőtt	timelapse	Eddig tartott: 18 óra	
2026-07-31T10:01:00Z	22	wout weghorst	100+ keresés	trending_up	Aktív	40 perce	100+	arrow_upward	900%	40 perccel ezelőtt	trending_up	Aktív	
2026-07-31T10:01:00Z	23	eto–atert bissen	5 E+ keresés	timelapse	Eddig tartott: 15 óra	17 órája	5 E+	arrow_upward	1 000%	17 órával ezelőtt	timelapse	Eddig tartott: 15 óra	eto fc győr; eto; eto meccs; + 2 további
2026-07-31T10:01:00Z	24	szentendre	200+ keresés	trending_up	Aktív	2 órája	200+	arrow_upward	400%	2 órával ezelőtt	trending_up	Aktív	
2026-07-31T10:01:00Z	25	várkonyi andrea	2 E+ keresés	timelapse	Eddig tartott: 21 óra	23 órája	2 E+	arrow_upward	900%	23 órával ezelőtt	timelapse	Eddig tartott: 21 óra	
2026-07-31T10:01:00Z	26	panathinaikos–paks	5 E+ keresés	timelapse	Eddig tartott: 13 óra	16 órája	5 E+	arrow_upward	1 000%	16 órával ezelőtt	timelapse	Eddig tartott: 13 óra	paksi fc; konferencia liga; paks fc; + 4 további
2026-07-31T10:01:00Z	27	margit sziget	2 E+ keresés	timelapse	Eddig tartott: 17 óra	17 órája	2 E+	arrow_upward	1 000%	17 órával ezelőtt	timelapse	Eddig tartott: 17 óra	margit-sziget; duna vizallas
2026-07-31T10:01:00Z	28	fűszer	1 E+ keresés	timelapse	Eddig tartott: 5 óra	7 órája	1 E+	arrow_upward	1 000%	7 órával ezelőtt	timelapse	Eddig tartott: 5 óra	
2026-07-31T10:01:00Z	29	ókovács szilveszter	2 E+ keresés	timelapse	Eddig tartott: 14 óra	18 órája	2 E+	arrow_upward	1 000%	18 órával ezelőtt	timelapse	Eddig tartott: 14 óra	
2026-07-31T10:01:00Z	30	index.hu	10 E+ keresés	timelapse	Eddig tartott: 17 óra	23 órája	10 E+	arrow_upward	900%	23 órával ezelőtt	timelapse	Eddig tartott: 17 óra	
2026-07-31T10:01:00Z	31	velence korzó	500+ keresés	timelapse	Eddig tartott: 11 óra	12 órája	500+	arrow_upward	700%	12 órával ezelőtt	timelapse	Eddig tartott: 11 óra	
2026-07-31T10:01:00Z	32	forsthoffer ágnes	2 E+ keresés	timelapse	Eddig tartott: 2 óra	7 órája	2 E+	arrow_upward	400%	7 órával ezelőtt	timelapse	Eddig tartott: 2 óra	
2026-07-31T10:01:00Z	33	pjunik–dvsc	2 E+ keresés	timelapse	Eddig tartott: 13 óra	17 órája	2 E+	arrow_upward	1 000%	17 órával ezelőtt	timelapse	Eddig tartott: 13 óra	dvsc
2026-07-31T10:01:00Z	34	horváth csenge	2 E+ keresés	timelapse	Eddig tartott: 17 óra	21 órája	2 E+	arrow_upward	1 000%	21 órával ezelőtt	timelapse	Eddig tartott: 17 óra	
2026-07-31T10:01:00Z	35	leeds–sunderland	500+ keresés	timelapse	Eddig tartott: 5 óra	8 órája	500+	arrow_upward	1 000%	8 órával ezelőtt	timelapse	Eddig tartott: 5 óra	
2026-07-31T10:01:00Z	36	marc cucurella	2 E+ keresés	timelapse	Eddig tartott: 17 óra	23 órája	2 E+	arrow_upward	1 000%	23 órával ezelőtt	timelapse	Eddig tartott: 17 óra	
2026-07-31T10:01:00Z	37	augusztus	500+ keresés	timelapse	Eddig tartott: 4 óra	7 órája	500+	arrow_upward	300%	7 órával ezelőtt	timelapse	Eddig tartott: 4 óra	
2026-07-31T10:01:00Z	38	nirmal purja	200+ keresés	timelapse	Eddig tartott: 3 óra	5 órája	200+	arrow_upward	700%	5 órával ezelőtt	timelapse	Eddig tartott: 3 óra	
2026-07-31T10:01:00Z	39	jéger rendszer	500+ keresés	timelapse	Eddig tartott: 12 óra	13 órája	500+	arrow_upward	400%	13 órával ezelőtt	timelapse	Eddig tartott: 12 óra	
2026-07-31T10:01:00Z	40	mi hazánk mozgalom	2 E+ keresés	timelapse	Eddig tartott: 7 óra	21 órája	2 E+	arrow_upward	1 000%	21 órával ezelőtt	timelapse	Eddig tartott: 7 óra	tóth máté; tóth máté energiajogász
2026-07-31T10:01:00Z	41	kuvait	1 E+ keresés	timelapse	Eddig tartott: 13 óra	18 órája	1 E+	arrow_upward	1 000%	18 órával ezelőtt	timelapse	Eddig tartott: 13 óra	
2026-07-31T10:01:00Z	42	európai ügyészség	1 E+ keresés	timelapse	Eddig tartott: 15 óra	20 órája	1 E+	arrow_upward	1 000%	20 órával ezelőtt	timelapse	Eddig tartott: 15 óra	
2026-07-31T10:01:00Z	43	ajax–vojvodina	1 E+ keresés	timelapse	Eddig tartott: 11 óra	16 órája	1 E+	arrow_upward	1 000%	16 órával ezelőtt	timelapse	Eddig tartott: 11 óra	
2026-07-31T10:01:00Z	44	carlos espi	200+ keresés	timelapse	Eddig tartott: 10 óra	12 órája	200+	arrow_upward	300%	12 órával ezelőtt	timelapse	Eddig tartott: 10 óra	
2026-07-31T10:01:00Z	45	szijjártó péter	1 E+ keresés	timelapse	Eddig tartott: 10 óra	16 órája	1 E+	arrow_upward	1 000%	16 órával ezelőtt	timelapse	Eddig tartott: 10 óra	
2026-07-31T10:01:00Z	46	lentulai krisztián	500+ keresés	timelapse	Eddig tartott: 8 óra	19 órája	500+	arrow_upward	900%	19 órával ezelőtt	timelapse	Eddig tartott: 8 óra	
2026-07-31T10:01:00Z	47	rottach-egern–bayern münchen	500+ keresés	timelapse	Eddig tartott: 10 óra	16 órája	500+	arrow_upward	1 000%	16 órával ezelőtt	timelapse	Eddig tartott: 10 óra	
2026-07-31T10:01:00Z	48	csapadék	200+ keresés	timelapse	Eddig tartott: 9 óra	15 órája	200+	arrow_upward	500%	15 órával ezelőtt	timelapse	Eddig tartott: 9 óra	
2026-07-31T10:01:00Z	49	balaton-átúszás	200+ keresés	timelapse	Eddig tartott: 13 óra	18 órája	200+	arrow_upward	700%	18 órával ezelőtt	timelapse	Eddig tartott: 13 óra	
2026-07-31T10:01:00Z	50	cszka szófia–qarabag	200+ keresés	timelapse	Eddig tartott: 11 óra	16 órája	200+	arrow_upward	1 000%	16 órával ezelőtt	timelapse	Eddig tartott: 11 óra	
2026-07-31T10:01:00Z	51	hogyan tudnék élni nélküled 2	100+ keresés	timelapse	Eddig tartott: 5 óra	9 órája	100+	arrow_upward	200%	9 órával ezelőtt	timelapse	Eddig tartott: 5 óra	
2026-07-31T10:01:00Z	52	dubaj	200+ keresés	timelapse	Eddig tartott: 10 óra	14 órája	200+	arrow_upward	500%	14 órával ezelőtt	timelapse	Eddig tartott: 10 óra	
2026-07-31T10:01:00Z	53	budai gyula	200+ keresés	timelapse	Eddig tartott: 8 óra	13 órája	200+	arrow_upward	400%	13 órával ezelőtt	timelapse	Eddig tartott: 8 óra	
2026-07-31T10:01:00Z	54	uefa	200+ keresés	timelapse	Eddig tartott: 11 óra	16 órája	200+	arrow_upward	400%	16 órával ezelőtt	timelapse	Eddig tartott: 11 óra	
2026-07-31T10:01:00Z	55	benfica–st. gallen	100+ keresés	timelapse	Eddig tartott: 9 óra	14 órája	100+	arrow_upward	300%	14 órával ezelőtt	timelapse	Eddig tartott: 9 óra	
2026-07-31T10:01:00Z	56	szorcsik viktória	100+ keresés	timelapse	Eddig tartott: 10 óra	16 órája	100+	arrow_upward	600%	16 órával ezelőtt	timelapse	Eddig tartott: 10 óra	
2026-07-31T10:01:00Z	57	lukas podolski	200+ keresés	timelapse	Eddig tartott: 5 óra	22 órája	200+	arrow_upward	1 000%	22 órával ezelőtt	timelapse	Eddig tartott: 5 óra	
2026-07-31T10:01:00Z	58	horoszkóp	100+ keresés	timelapse	Eddig tartott: 1 óra	7 órája	100+	arrow_upward	75%	7 órával ezelőtt	timelapse	Eddig tartott: 1 óra	
2026-07-31T10:01:00Z	59	tom holland	100+ keresés	timelapse	Eddig tartott: 2 óra	12 órája	100+	arrow_upward	100%	12 órával ezelőtt	timelapse	Eddig tartott: 2 óra	
2026-07-31T10:01:00Z	60	vennegoor of hesselink	100+ keresés	timelapse	Eddig tartott: 1 óra	12 órája	100+	arrow_upward	1 000%	12 órával ezelőtt	timelapse	Eddig tartott: 1 óra	
2026-07-31T10:01:00Z	61	vadhajtasok	100+ keresés	timelapse	Eddig tartott: 8 óra	14 órája	100+	arrow_upward	100%	14 órával ezelőtt	timelapse	Eddig tartott: 8 óra	
2026-07-31T10:01:00Z	62	balla péter	100+ keresés	timelapse	Eddig tartott: 5 óra	22 órája	100+	arrow_upward	1 000%	22 órával ezelőtt	timelapse	Eddig tartott: 5 óra	
2026-07-31T10:01:00Z	63	mercedes benz gla	100+ keresés	timelapse	Eddig tartott: 18 óra	23 órája	100+	arrow_upward	400%	23 órával ezelőtt	timelapse	Eddig tartott: 18 óra	
2026-07-31T10:01:00Z	64	spider man brand new day	100+ keresés	timelapse	Eddig tartott: 1 óra	12 órája	100+	arrow_upward	75%	12 órával ezelőtt	timelapse	Eddig tartott: 1 óra	
2026-07-31T10:01:00Z	65	hatoslottó	100+ keresés	timelapse	Eddig tartott: 50 perc	7 órája	100+	arrow_upward	50%	7 órával ezelőtt	timelapse	Eddig tartott: 50 perc	
2026-07-31T10:01:00Z	66	kovács katalin nemzeti kajak-kenu akadémia	100+ keresés	timelapse	Eddig tartott: 2 óra	19 órája	100+	arrow_upward	600%	19 órával ezelőtt	timelapse	Eddig tartott: 2 óra	
2026-07-31T10:01:00Z	67	markus söder	100+ keresés	timelapse	Eddig tartott: 1 óra	23 órája	100+	arrow_upward	1 000%	23 órával ezelőtt	timelapse	Eddig tartott: 1 óra	
2026-07-31T10:01:00Z	68	erdőtűz	100+ keresés	timelapse	Eddig tartott: 40 perc	14 órája	100+	arrow_upward	500%	14 órával ezelőtt	timelapse	Eddig tartott: 40 perc	
2026-07-31T10:01:00Z	69	google	100+ keresés	timelapse	Eddig tartott: 20 perc	7 órája	100+	arrow_upward	50%	7 órával ezelőtt	timelapse	Eddig tartott: 20 perc	
2026-07-31T10:01:00Z	70	máv	200+ keresés	timelapse	Eddig tartott: 30 perc	22 órája	200+	arrow_upward	75%	22 órával ezelőtt	timelapse	Eddig tartott: 30 perc	
2026-08-01T06:58:00Z	1	gálvölgyi judit	20 E+ keresés	trending_up	Aktív	22 órája	20 E+	arrow_upward	1 000%	22 órával ezelőtt	trending_up	Aktív	gálvölgyi jános; rodolfo; gálvölgyi; + 3 további
2026-08-01T06:58:00Z	2	birmingham–barcelona	10 E+ keresés	trending_up	Aktív	13 órája	10 E+	arrow_upward	1 000%	13 órával ezelőtt	trending_up	Aktív	
2026-08-01T06:58:00Z	3	víz	5 E+ keresés	trending_up	Aktív	20 órája	5 E+	arrow_upward	1 000%	20 órával ezelőtt	trending_up	Aktív	vízhiány; szentendre; + 1 további
2026-08-01T06:58:00Z	4	országos mentőszolgálat	5 E+ keresés	trending_up	Aktív	20 órája	5 E+	arrow_upward	1 000%	20 órával ezelőtt	trending_up	Aktív	
2026-08-01T06:58:00Z	5	samsung sdi	5 E+ keresés	trending_up	Aktív	19 órája	5 E+	arrow_upward	1 000%	19 órával ezelőtt	trending_up	Aktív	
2026-08-01T06:58:00Z	6	szekeres pál	2 E+ keresés	trending_up	Aktív	13 órája	2 E+	arrow_upward	1 000%	13 órával ezelőtt	trending_up	Aktív	
2026-08-01T06:58:00Z	7	cigaretta	2 E+ keresés	trending_up	Aktív	13 órája	2 E+	arrow_upward	1 000%	13 órával ezelőtt	trending_up	Aktív	
2026-08-01T06:58:00Z	8	hungaromet nonprofit zrt.	2 E+ keresés	trending_up	Aktív	15 órája	2 E+	arrow_upward	1 000%	15 órával ezelőtt	trending_up	Aktív	hajdú-bihar
2026-08-01T06:58:00Z	9	vízminőség	1 E+ keresés	trending_up	Aktív	4 órája	1 E+	arrow_upward	1 000%	4 órával ezelőtt	trending_up	Aktív	
2026-08-01T06:58:00Z	10	hernádi zsolt	2 E+ keresés	trending_up	Aktív	20 órája	2 E+	arrow_upward	1 000%	20 órával ezelőtt	trending_up	Aktív	
2026-08-01T06:58:00Z	11	máv	1 E+ keresés	trending_up	Aktív	3 órája	1 E+	arrow_upward	500%	3 órával ezelőtt	trending_up	Aktív	
2026-08-01T06:58:00Z	12	orbán anita	2 E+ keresés	trending_up	Aktív	16 órája	2 E+	arrow_upward	800%	16 órával ezelőtt	trending_up	Aktív	nagykövet; orban anita
2026-08-01T06:58:00Z	13	vízszolgáltatás	1 E+ keresés	trending_up	Aktív	3 órája	1 E+	arrow_upward	1 000%	3 órával ezelőtt	trending_up	Aktív	
2026-08-01T06:58:00Z	14	mol dunai finomító	10 E+ keresés	trending_up	Aktív	12 órája	10 E+	arrow_upward	1 000%	12 órával ezelőtt	trending_up	Aktív	mvm zrt; kapitány istván; atomerőmű; + 2 további
2026-08-01T06:58:00Z	15	eső	1 E+ keresés	trending_up	Aktív	10 perce	1 E+	arrow_upward	1 000%	10 perccel ezelőtt	trending_up	Aktív	
2026-08-01T06:58:00Z	16	éjszaka	2 E+ keresés	trending_up	Aktív	15 órája	2 E+	arrow_upward	800%	15 órával ezelőtt	trending_up	Aktív	veszély
2026-08-01T06:58:00Z	17	ceuta spanyolorszag	2 E+ keresés	trending_up	Aktív	19 órája	2 E+	arrow_upward	700%	19 órával ezelőtt	trending_up	Aktív	ceuta migránsok; olaszország; európa; + 2 további
2026-08-01T06:58:00Z	18	marsi anikó	2 E+ keresés	trending_up	Aktív	22 órája	2 E+	arrow_upward	1 000%	22 órával ezelőtt	trending_up	Aktív	
2026-08-01T06:58:00Z	19	lannert judit	500+ keresés	trending_up	Aktív	4 órája	500+	arrow_upward	800%	4 órával ezelőtt	trending_up	Aktív	
2026-08-01T06:58:00Z	20	titkosszolgálat	200+ keresés	trending_up	Aktív	1 órája	200+	arrow_upward	1 000%	1 órával ezelőtt	trending_up	Aktív	
2026-08-01T06:58:00Z	21	transparency international	500+ keresés	trending_up	Aktív	15 órája	500+	arrow_upward	800%	15 órával ezelőtt	trending_up	Aktív	
2026-08-01T06:58:00Z	22	balaton átúszás 2026	500+ keresés	trending_up	Aktív	1 órája	500+	arrow_upward	300%	1 órával ezelőtt	trending_up	Aktív	balaton átúszás
2026-08-01T06:58:00Z	23	hőmérséklet	500+ keresés	trending_up	Aktív	3 órája	500+	arrow_upward	800%	3 órával ezelőtt	trending_up	Aktív	
2026-08-01T06:58:00Z	24	ürge-vorsatz diána	1 E+ keresés	trending_up	Aktív	18 órája	1 E+	arrow_upward	1 000%	18 órával ezelőtt	trending_up	Aktív	
2026-08-01T06:58:00Z	25	százhalombatta	10 E+ keresés	timelapse	Eddig tartott: 18 óra	19 órája	10 E+	arrow_upward	1 000%	19 órával ezelőtt	timelapse	Eddig tartott: 18 óra	teherszállítás
2026-08-01T06:58:00Z	26	barcelona	2 E+ keresés	trending_up	Aktív	12 órája	2 E+	arrow_upward	300%	12 órával ezelőtt	trending_up	Aktív	fc barcelona
2026-08-01T06:58:00Z	27	nagy ádám	500+ keresés	trending_up	Aktív	20 órája	500+	arrow_upward	700%	20 órával ezelőtt	trending_up	Aktív	
2026-08-01T06:58:00Z	28	dunabogdány	500+ keresés	trending_up	Aktív	12 órája	500+	arrow_upward	500%	12 órával ezelőtt	trending_up	Aktív	
2026-08-01T06:58:00Z	29	nápoly	100+ keresés	trending_up	Aktív	40 perce	100+	arrow_upward	1 000%	40 perccel ezelőtt	trending_up	Aktív	
2026-08-01T06:58:00Z	30	szerencse	100+ keresés	trending_up	Aktív	50 perce	100+	arrow_upward	800%	50 perccel ezelőtt	trending_up	Aktív	
2026-08-01T06:58:00Z	31	augusztus 1	200+ keresés	trending_up	Aktív	8 órája	200+	arrow_upward	200%	8 órával ezelőtt	trending_up	Aktív	
2026-08-01T06:58:00Z	32	sporting–nottingham forest	1 E+ keresés	timelapse	Eddig tartott: 11 óra	12 órája	1 E+	arrow_upward	900%	12 órával ezelőtt	timelapse	Eddig tartott: 11 óra	
2026-08-01T06:58:00Z	33	szoboszlai curtis jones	1 E+ keresés	timelapse	Eddig tartott: 17 óra	17 órája	1 E+	arrow_upward	600%	17 órával ezelőtt	timelapse	Eddig tartott: 17 óra	
2026-08-01T06:58:00Z	34	gallusz niki	500+ keresés	timelapse	Eddig tartott: 11 óra	11 órája	500+	arrow_upward	600%	11 órával ezelőtt	timelapse	Eddig tartott: 11 óra	
2026-08-01T06:58:00Z	35	augusztus 12	1 E+ keresés	timelapse	Eddig tartott: 15 óra	15 órája	1 E+	arrow_upward	1 000%	15 órával ezelőtt	timelapse	Eddig tartott: 15 óra	
2026-08-01T06:58:00Z	36	juventus–nizza	1 E+ keresés	timelapse	Eddig tartott: 12 óra	15 órája	1 E+	arrow_upward	1 000%	15 órával ezelőtt	timelapse	Eddig tartott: 12 óra	
2026-08-01T06:58:00Z	37	sport	2 E+ keresés	timelapse	Eddig tartott: 7 óra	21 órája	2 E+	arrow_upward	900%	21 órával ezelőtt	timelapse	Eddig tartott: 7 óra	
2026-08-01T06:58:00Z	38	tűz	2 E+ keresés	timelapse	Eddig tartott: 2 óra	12 órája	2 E+	arrow_upward	1 000%	12 órával ezelőtt	timelapse	Eddig tartott: 2 óra	kakukkhegyi út
2026-08-01T06:58:00Z	39	birmingham vs barcelona	500+ keresés	timelapse	Eddig tartott: 4 óra	12 órája	500+	arrow_upward	1 000%	12 órával ezelőtt	timelapse	Eddig tartott: 4 óra	
2026-08-01T06:58:00Z	40	michael olise	1 E+ keresés	timelapse	Eddig tartott: 11 óra	23 órája	1 E+	arrow_upward	700%	23 órával ezelőtt	timelapse	Eddig tartott: 11 óra	
2026-08-01T06:58:00Z	41	mesterséges intelligencia	2 E+ keresés	timelapse	Eddig tartott: 5 óra	21 órája	2 E+	arrow_upward	1 000%	21 órával ezelőtt	timelapse	Eddig tartott: 5 óra	
2026-08-01T06:58:00Z	42	nyugdíjrendszer	500+ keresés	timelapse	Eddig tartott: 7 óra	18 órája	500+	arrow_upward	1 000%	18 órával ezelőtt	timelapse	Eddig tartott: 7 óra	
2026-08-01T06:58:00Z	43	yaakobishvili áron	100+ keresés	timelapse	Eddig tartott: 40 perc	50 perce	100+	arrow_upward	500%	50 perccel ezelőtt	timelapse	Eddig tartott: 40 perc	barca
2026-08-01T06:58:00Z	44	wout weghorst	500+ keresés	timelapse	Eddig tartott: 20 óra	21 órája	500+	arrow_upward	500%	21 órával ezelőtt	timelapse	Eddig tartott: 20 óra	
2026-08-01T06:58:00Z	45	balatonlelle	500+ keresés	timelapse	Eddig tartott: 13 óra	17 órája	500+	arrow_upward	400%	17 órával ezelőtt	timelapse	Eddig tartott: 13 óra	
2026-08-01T06:58:00Z	46	házastárs	500+ keresés	timelapse	Eddig tartott: 8 óra	19 órája	500+	arrow_upward	1 000%	19 órával ezelőtt	timelapse	Eddig tartott: 8 óra	
2026-08-01T06:58:00Z	47	bama.hu	500+ keresés	timelapse	Eddig tartott: 2 óra	13 órája	500+	arrow_upward	1 000%	13 órával ezelőtt	timelapse	Eddig tartott: 2 óra	
2026-08-01T06:58:00Z	48	edző	500+ keresés	timelapse	Eddig tartott: 6 óra	22 órája	500+	arrow_upward	900%	22 órával ezelőtt	timelapse	Eddig tartott: 6 óra	
2026-08-01T06:58:00Z	49	josé mourinho	200+ keresés	timelapse	Eddig tartott: 3 óra	14 órája	200+	arrow_upward	900%	14 órával ezelőtt	timelapse	Eddig tartott: 3 óra	
2026-08-01T06:58:00Z	50	szabadság híd	200+ keresés	timelapse	Eddig tartott: 15 óra	18 órája	200+	arrow_upward	700%	18 órával ezelőtt	timelapse	Eddig tartott: 15 óra	
2026-08-01T06:58:00Z	51	nagy ervin	200+ keresés	timelapse	Eddig tartott: 6 óra	16 órája	200+	arrow_upward	1 000%	16 órával ezelőtt	timelapse	Eddig tartott: 6 óra	
2026-08-01T06:58:00Z	52	gajdos lászló	500+ keresés	timelapse	Eddig tartott: 1 óra	17 órája	500+	arrow_upward	1 000%	17 órával ezelőtt	timelapse	Eddig tartott: 1 óra	
2026-08-01T06:58:00Z	53	x	100+ keresés	timelapse	Eddig tartott: 1 óra	5 órája	100+	arrow_upward	100%	5 órával ezelőtt	timelapse	Eddig tartott: 1 óra	samara weaving
2026-08-01T06:58:00Z	54	dunamenti erőmű zrt.	200+ keresés	timelapse	Eddig tartott: 2 óra	19 órája	200+	arrow_upward	600%	19 órával ezelőtt	timelapse	Eddig tartott: 2 óra	
2026-08-01T06:58:00Z	55	utinform	100+ keresés	timelapse	Eddig tartott: 13 óra	16 órája	100+	arrow_upward	200%	16 órával ezelőtt	timelapse	Eddig tartott: 13 óra	
2026-08-01T06:58:00Z	56	főváros	100+ keresés	timelapse	Eddig tartott: 1 óra	11 órája	100+	arrow_upward	1 000%	11 órával ezelőtt	timelapse	Eddig tartott: 1 óra	
2026-08-01T06:58:00Z	57	starlink	100+ keresés	timelapse	Eddig tartott: 1 óra	12 órája	100+	arrow_upward	500%	12 órával ezelőtt	timelapse	Eddig tartott: 1 óra	
2026-08-01T06:58:00Z	58	tomorrowland 2026	100+ keresés	timelapse	Eddig tartott: 50 perc	13 órája	100+	arrow_upward	600%	13 órával ezelőtt	timelapse	Eddig tartott: 50 perc	
2026-08-01T06:58:00Z	59	budapest park	200+ keresés	timelapse	Eddig tartott: 30 perc	13 órája	200+	arrow_upward	100%	13 órával ezelőtt	timelapse	Eddig tartott: 30 perc	szolnoki zsófia sára
2026-08-01T06:58:00Z	60	meghalt franco baresi	200+ keresés	timelapse	Eddig tartott: 1 óra	19 órája	200+	arrow_upward	1 000%	19 órával ezelőtt	timelapse	Eddig tartott: 1 óra	
2026-08-01T06:58:00Z	61	az ördög pradát visel 2	100+ keresés	timelapse	Eddig tartott: 40 perc	11 órája	100+	arrow_upward	200%	11 órával ezelőtt	timelapse	Eddig tartott: 40 perc	
2026-08-01T06:58:00Z	62	aszály	100+ keresés	timelapse	Eddig tartott: 30 perc	13 órája	100+	arrow_upward	400%	13 órával ezelőtt	timelapse	Eddig tartott: 30 perc	
2026-08-01T06:58:00Z	63	george clooney	100+ keresés	timelapse	Eddig tartott: 4 óra	20 órája	100+	arrow_upward	300%	20 órával ezelőtt	timelapse	Eddig tartott: 4 óra	
2026-08-02T07:01:00Z	1	áramhiány	10 E+ keresés	trending_up	Aktív	12 órája	10 E+	arrow_upward	1 000%	12 órával ezelőtt	trending_up	Aktív	tarjányi péter; mvm paksi atomerőmű zrt; + 2 további
2026-08-02T07:01:00Z	2	andor éva	10 E+ keresés	trending_up	Aktív	21 órája	10 E+	arrow_upward	1 000%	21 órával ezelőtt	trending_up	Aktív	
2026-08-02T07:01:00Z	3	ausztria	10 E+ keresés	trending_up	Aktív	15 órája	10 E+	arrow_upward	1 000%	15 órával ezelőtt	trending_up	Aktív	ferenc józsef híd; duna szabadság híd
2026-08-02T07:01:00Z	4	óvoda	5 E+ keresés	trending_up	Aktív	13 órája	5 E+	arrow_upward	1 000%	13 órával ezelőtt	trending_up	Aktív	bölcsőde
2026-08-02T07:01:00Z	5	migráció	2 E+ keresés	trending_up	Aktív	12 órája	2 E+	arrow_upward	1 000%	12 órával ezelőtt	trending_up	Aktív	
2026-08-02T07:01:00Z	6	barnai judit	2 E+ keresés	trending_up	Aktív	20 órája	2 E+	arrow_upward	1 000%	20 órával ezelőtt	trending_up	Aktív	
2026-08-02T07:01:00Z	7	zivatar	2 E+ keresés	trending_up	Aktív	3 órája	2 E+	arrow_upward	1 000%	3 órával ezelőtt	trending_up	Aktív	
2026-08-02T07:01:00Z	8	vitális milán	2 E+ keresés	trending_up	Aktív	14 órája	2 E+	arrow_upward	1 000%	14 órával ezelőtt	trending_up	Aktív	edző
2026-08-02T07:01:00Z	9	robert fico	1 E+ keresés	trending_up	Aktív	9 órája	1 E+	arrow_upward	1 000%	9 órával ezelőtt	trending_up	Aktív	
2026-08-02T07:01:00Z	10	fiala jános	2 E+ keresés	trending_up	Aktív	16 órája	2 E+	arrow_upward	1 000%	16 órával ezelőtt	trending_up	Aktív	
2026-08-02T07:01:00Z	11	szentlőrinc se	2 E+ keresés	trending_up	Aktív	17 órája	2 E+	arrow_upward	1 000%	17 órával ezelőtt	trending_up	Aktív	
2026-08-02T07:01:00Z	12	tolna	2 E+ keresés	trending_up	Aktív	15 órája	2 E+	arrow_upward	1 000%	15 órával ezelőtt	trending_up	Aktív	
2026-08-02T07:01:00Z	13	vincent pastore	1 E+ keresés	trending_up	Aktív	8 órája	1 E+	arrow_upward	1 000%	8 órával ezelőtt	trending_up	Aktív	
2026-08-02T07:01:00Z	14	robinson tours	1 E+ keresés	trending_up	Aktív	10 órája	1 E+	arrow_upward	1 000%	10 órával ezelőtt	trending_up	Aktív	
2026-08-02T07:01:00Z	15	lionel messi	2 E+ keresés	trending_up	Aktív	4 órája	2 E+	arrow_upward	1 000%	4 órával ezelőtt	trending_up	Aktív	inter miami–columbus crew
2026-08-02T07:01:00Z	16	oroszország	2 E+ keresés	trending_up	Aktív	3 órája	2 E+	arrow_upward	1 000%	3 órával ezelőtt	trending_up	Aktív	
2026-08-02T07:01:00Z	17	beol.hu	2 E+ keresés	trending_up	Aktív	14 órája	2 E+	arrow_upward	1 000%	14 órával ezelőtt	trending_up	Aktív	
2026-08-02T07:01:00Z	18	budai gyula	2 E+ keresés	trending_up	Aktív	19 órája	2 E+	arrow_upward	800%	19 órával ezelőtt	trending_up	Aktív	hortay olivér; palóc andré
2026-08-02T07:01:00Z	19	michael schumacher	2 E+ keresés	trending_up	Aktív	19 órája	2 E+	arrow_upward	1 000%	19 órával ezelőtt	trending_up	Aktív	
2026-08-02T07:01:00Z	20	lucasfilm	1 E+ keresés	trending_up	Aktív	13 órája	1 E+	arrow_upward	700%	13 órával ezelőtt	trending_up	Aktív	
2026-08-02T07:01:00Z	21	velencei tó	1 E+ keresés	trending_up	Aktív	18 órája	1 E+	arrow_upward	400%	18 órával ezelőtt	trending_up	Aktív	
2026-08-02T07:01:00Z	22	bill nighy	200+ keresés	trending_up	Aktív	2 órája	200+	arrow_upward	500%	2 órával ezelőtt	trending_up	Aktív	
2026-08-02T07:01:00Z	23	pécsi ármin	200+ keresés	trending_up	Aktív	2 órája	200+	arrow_upward	1 000%	2 órával ezelőtt	trending_up	Aktív	
2026-08-02T07:01:00Z	24	moszad	500+ keresés	trending_up	Aktív	14 órája	500+	arrow_upward	500%	14 órával ezelőtt	trending_up	Aktív	
2026-08-02T07:01:00Z	25	franco mastantuono	500+ keresés	trending_up	Aktív	8 órája	500+	arrow_upward	500%	8 órával ezelőtt	trending_up	Aktív	
2026-08-02T07:01:00Z	26	hbo max	500+ keresés	trending_up	Aktív	19 órája	500+	arrow_upward	100%	19 órával ezelőtt	trending_up	Aktív	
2026-08-02T07:01:00Z	27	ridley scott	100+ keresés	trending_up	Aktív	50 perce	100+	arrow_upward	1 000%	50 perccel ezelőtt	trending_up	Aktív	
2026-08-02T07:01:00Z	28	ónodi adél	200+ keresés	trending_up	Aktív	1 órája	200+	arrow_upward	700%	1 órával ezelőtt	trending_up	Aktív	
2026-08-02T07:01:00Z	29	sébastien ogier	200+ keresés	trending_up	Aktív	2 órája	200+	arrow_upward	800%	2 órával ezelőtt	trending_up	Aktív	
2026-08-02T07:01:00Z	30	kút	2 E+ keresés	timelapse	Eddig tartott: 19 óra	20 órája	2 E+	arrow_upward	1 000%	20 órával ezelőtt	timelapse	Eddig tartott: 19 óra	
2026-08-02T07:01:00Z	31	győr	500+ keresés	trending_up	Aktív	13 órája	500+	arrow_upward	300%	13 órával ezelőtt	trending_up	Aktív	
2026-08-02T07:01:00Z	32	gianni infantino	200+ keresés	trending_up	Aktív	2 órája	200+	arrow_upward	300%	2 órával ezelőtt	trending_up	Aktív	
2026-08-02T07:01:00Z	33	gallusz niki	200+ keresés	trending_up	Aktív	2 órája	200+	arrow_upward	200%	2 órával ezelőtt	trending_up	Aktív	
2026-08-02T07:01:00Z	34	újpest fc	200+ keresés	trending_up	Aktív	2 órája	200+	arrow_upward	300%	2 órával ezelőtt	trending_up	Aktív	mlsz
2026-08-02T07:01:00Z	35	németh kristóf	100+ keresés	trending_up	Aktív	2 órája	100+	arrow_upward	300%	2 órával ezelőtt	trending_up	Aktív	vízkorlátozás
2026-08-02T07:01:00Z	36	portfolio.hu	2 E+ keresés	timelapse	Eddig tartott: 4 óra	4 órája	2 E+	arrow_upward	200%	4 órával ezelőtt	timelapse	Eddig tartott: 4 óra	szlovákia
2026-08-02T07:01:00Z	37	dylan sprouse	1 E+ keresés	timelapse	Eddig tartott: 19 óra	20 órája	1 E+	arrow_upward	600%	20 órával ezelőtt	timelapse	Eddig tartott: 19 óra	
2026-08-02T07:01:00Z	38	hegymászó	200+ keresés	timelapse	Eddig tartott: 2 óra	2 órája	200+	arrow_upward	900%	2 órával ezelőtt	timelapse	Eddig tartott: 2 óra	nirmal purdzsa
2026-08-02T07:01:00Z	39	mentő	1 E+ keresés	timelapse	Eddig tartott: 16 óra	17 órája	1 E+	arrow_upward	1 000%	17 órával ezelőtt	timelapse	Eddig tartott: 16 óra	
2026-08-02T07:01:00Z	40	ballisztikus rakéta	1 E+ keresés	timelapse	Eddig tartott: 16 óra	17 órája	1 E+	arrow_upward	1 000%	17 órával ezelőtt	timelapse	Eddig tartott: 16 óra	
2026-08-02T07:01:00Z	41	honvéd–mtk	2 E+ keresés	timelapse	Eddig tartott: 3 óra	15 órája	2 E+	arrow_upward	1 000%	15 órával ezelőtt	timelapse	Eddig tartott: 3 óra	mtk
2026-08-02T07:01:00Z	42	primož roglič	1 E+ keresés	timelapse	Eddig tartott: 12 óra	22 órája	1 E+	arrow_upward	900%	22 órával ezelőtt	timelapse	Eddig tartott: 12 óra	
2026-08-02T07:01:00Z	43	chelsea–tottenham	1 E+ keresés	timelapse	Eddig tartott: 16 óra	18 órája	1 E+	arrow_upward	1 000%	18 órával ezelőtt	timelapse	Eddig tartott: 16 óra	
2026-08-02T07:01:00Z	44	real madrid cf	500+ keresés	timelapse	Eddig tartott: 8 óra	10 órája	500+	arrow_upward	800%	10 órával ezelőtt	timelapse	Eddig tartott: 8 óra	real madrid tv
2026-08-02T07:01:00Z	45	bogdán blanka	1 E+ keresés	timelapse	Eddig tartott: 7 óra	22 órája	1 E+	arrow_upward	1 000%	22 órával ezelőtt	timelapse	Eddig tartott: 7 óra	
2026-08-02T07:01:00Z	46	augusztus 1.	500+ keresés	timelapse	Eddig tartott: 9 óra	21 órája	500+	arrow_upward	800%	21 órával ezelőtt	timelapse	Eddig tartott: 9 óra	
2026-08-02T07:01:00Z	47	új szó	1 E+ keresés	timelapse	Eddig tartott: 3 óra	17 órája	1 E+	arrow_upward	1 000%	17 órával ezelőtt	timelapse	Eddig tartott: 3 óra	
2026-08-02T07:01:00Z	48	paris saint-germain fc	200+ keresés	timelapse	Eddig tartott: 9 óra	12 órája	200+	arrow_upward	700%	12 órával ezelőtt	timelapse	Eddig tartott: 9 óra	
2026-08-02T07:01:00Z	49	razzia	1 E+ keresés	timelapse	Eddig tartott: 3 óra	21 órája	1 E+	arrow_upward	1 000%	21 órával ezelőtt	timelapse	Eddig tartott: 3 óra	
2026-08-02T07:01:00Z	50	csobot adél	500+ keresés	timelapse	Eddig tartott: 8 óra	19 órája	500+	arrow_upward	700%	19 órával ezelőtt	timelapse	Eddig tartott: 8 óra	
2026-08-02T07:01:00Z	51	real madrid–fiorentina	500+ keresés	timelapse	Eddig tartott: 2 óra	13 órája	500+	arrow_upward	900%	13 órával ezelőtt	timelapse	Eddig tartott: 2 óra	real madrid fiorentina
2026-08-02T07:01:00Z	52	vihar	2 E+ keresés	timelapse	Eddig tartott: 50 perc	16 órája	2 E+	arrow_upward	1 000%	16 órával ezelőtt	timelapse	Eddig tartott: 50 perc	
2026-08-02T07:01:00Z	53	real madrid	500+ keresés	timelapse	Eddig tartott: 2 óra	14 órája	500+	arrow_upward	200%	14 órával ezelőtt	timelapse	Eddig tartott: 2 óra	
2026-08-02T07:01:00Z	54	gordon ramsay bar & grill budapest	100+ keresés	timelapse	Eddig tartott: 3 óra	8 órája	100+	arrow_upward	100%	8 órával ezelőtt	timelapse	Eddig tartott: 3 óra	
2026-08-02T07:01:00Z	55	nimsdai purja	200+ keresés	timelapse	Eddig tartott: 8 óra	10 órája	200+	arrow_upward	100%	10 órával ezelőtt	timelapse	Eddig tartott: 8 óra	broad peak
2026-08-02T07:01:00Z	56	csillagászati jelenség	200+ keresés	timelapse	Eddig tartott: 10 óra	23 órája	200+	arrow_upward	500%	23 órával ezelőtt	timelapse	Eddig tartott: 10 óra	
2026-08-02T07:01:00Z	57	arsenal	200+ keresés	timelapse	Eddig tartott: 2 óra	12 órája	200+	arrow_upward	400%	12 órával ezelőtt	timelapse	Eddig tartott: 2 óra	
2026-08-02T07:01:00Z	58	meryl streep	200+ keresés	timelapse	Eddig tartott: 1 óra	11 órája	200+	arrow_upward	300%	11 órával ezelőtt	timelapse	Eddig tartott: 1 óra	
2026-08-02T07:01:00Z	59	heath ledger	100+ keresés	timelapse	Eddig tartott: 1 óra	10 órája	100+	arrow_upward	400%	10 órával ezelőtt	timelapse	Eddig tartott: 1 óra	
2026-08-02T07:01:00Z	60	google	100+ keresés	timelapse	Eddig tartott: 30 perc	5 órája	100+	arrow_upward	100%	5 órával ezelőtt	timelapse	Eddig tartott: 30 perc	
2026-08-02T07:01:00Z	61	cinema city	500+ keresés	timelapse	Eddig tartott: 1 óra	19 órája	500+	arrow_upward	75%	19 órával ezelőtt	timelapse	Eddig tartott: 1 óra	
2026-08-02T07:01:00Z	62	jennifer grey	100+ keresés	timelapse	Eddig tartott: 1 óra	19 órája	100+	arrow_upward	1 000%	19 órával ezelőtt	timelapse	Eddig tartott: 1 óra	
2026-08-03T07:45:00Z	1	oroszok	10 E+ keresés	trending_up	Aktív	9 órája	10 E+	arrow_upward	1 000%	9 órával ezelőtt	trending_up	Aktív	kibertámadás; + 2 további
2026-08-03T07:45:00Z	2	vízhiány	10 E+ keresés	trending_up	Aktív	16 órája	10 E+	arrow_upward	1 000%	16 órával ezelőtt	trending_up	Aktív	
2026-08-03T07:45:00Z	3	duró józsef	10 E+ keresés	trending_up	Aktív	18 órája	10 E+	arrow_upward	1 000%	18 órával ezelőtt	trending_up	Aktív	
2026-08-03T07:45:00Z	4	ebola	5 E+ keresés	trending_up	Aktív	13 órája	5 E+	arrow_upward	1 000%	13 órával ezelőtt	trending_up	Aktív	
2026-08-03T07:45:00Z	5	ozora	20 E+ keresés	trending_up	Aktív	21 órája	20 E+	arrow_upward	1 000%	21 órával ezelőtt	trending_up	Aktív	ozora fesztivál; ozora 2026; ozora haláleset; + 4 további
2026-08-03T07:45:00Z	6	zápor	10 E+ keresés	trending_up	Aktív	15 órája	10 E+	arrow_upward	1 000%	15 órával ezelőtt	trending_up	Aktív	
2026-08-03T07:45:00Z	7	szijjártó péter	2 E+ keresés	trending_up	Aktív	1 órája	2 E+	arrow_upward	1 000%	1 órával ezelőtt	trending_up	Aktív	
2026-08-03T07:45:00Z	8	liverpool–leeds	5 E+ keresés	trending_up	Aktív	12 órája	5 E+	arrow_upward	1 000%	12 órával ezelőtt	trending_up	Aktív	liverpool
2026-08-03T07:45:00Z	9	magyar napelem napkollektor szövetség	5 E+ keresés	trending_up	Aktív	21 órája	5 E+	arrow_upward	1 000%	21 órával ezelőtt	trending_up	Aktív	
2026-08-03T07:45:00Z	10	csernavodai atomerőmű	2 E+ keresés	trending_up	Aktív	18 órája	2 E+	arrow_upward	1 000%	18 órával ezelőtt	trending_up	Aktív	
2026-08-03T07:45:00Z	11	hortay olivér	1 E+ keresés	trending_up	Aktív	1 órája	1 E+	arrow_upward	1 000%	1 órával ezelőtt	trending_up	Aktív	palóc andré; friss hírek
2026-08-03T07:45:00Z	12	feledy botond	500+ keresés	trending_up	Aktív	30 perce	500+	arrow_upward	1 000%	30 perccel ezelőtt	trending_up	Aktív	
2026-08-03T07:45:00Z	13	vidnyánszky attila	1 E+ keresés	trending_up	Aktív	17 órája	1 E+	arrow_upward	900%	17 órával ezelőtt	trending_up	Aktív	
2026-08-03T07:45:00Z	14	lázár jános	1 E+ keresés	trending_up	Aktív	7 órája	1 E+	arrow_upward	1 000%	7 órával ezelőtt	trending_up	Aktív	
2026-08-03T07:45:00Z	15	szekszárd	2 E+ keresés	trending_up	Aktív	20 órája	2 E+	arrow_upward	1 000%	20 órával ezelőtt	trending_up	Aktív	harmadfokú vízkorlátozás
2026-08-03T07:45:00Z	16	családi pótlék	500+ keresés	trending_up	Aktív	2 órája	500+	arrow_upward	700%	2 órával ezelőtt	trending_up	Aktív	
2026-08-03T07:45:00Z	17	autópálya	10 E+ keresés	timelapse	Eddig tartott: 20 óra	21 órája	10 E+	arrow_upward	1 000%	21 órával ezelőtt	timelapse	Eddig tartott: 20 óra	baleset
2026-08-03T07:45:00Z	18	liverpool leeds	2 E+ keresés	trending_up	Aktív	11 órája	2 E+	arrow_upward	500%	11 órával ezelőtt	trending_up	Aktív	szoboszlai dominik; kerkez milos
2026-08-03T07:45:00Z	19	vastag csaba	500+ keresés	trending_up	Aktív	10 órája	500+	arrow_upward	700%	10 órával ezelőtt	trending_up	Aktív	
2026-08-03T07:45:00Z	20	sziget fesztivál energia	5 E+ keresés	trending_up	Aktív	1 órája	5 E+	arrow_upward	500%	1 órával ezelőtt	trending_up	Aktív	sziget fesztivál; fesztivál; sziget
2026-08-03T07:45:00Z	21	augusztus 8 munkanap	200+ keresés	trending_up	Aktív	1 órája	200+	arrow_upward	400%	1 órával ezelőtt	trending_up	Aktív	
2026-08-03T07:45:00Z	22	pippa middleton	200+ keresés	trending_up	Aktív	2 órája	200+	arrow_upward	600%	2 órával ezelőtt	trending_up	Aktív	
2026-08-03T07:45:00Z	23	hidegfront	2 E+ keresés	timelapse	Eddig tartott: 16 óra	17 órája	2 E+	arrow_upward	600%	17 órával ezelőtt	timelapse	Eddig tartott: 16 óra	
2026-08-03T07:45:00Z	24	juszt lászló	200+ keresés	trending_up	Aktív	1 órája	200+	arrow_upward	500%	1 órával ezelőtt	trending_up	Aktív	
2026-08-03T07:45:00Z	25	otp	200+ keresés	trending_up	Aktív	20 perce	200+	arrow_upward	75%	20 perccel ezelőtt	trending_up	Aktív	
2026-08-03T07:45:00Z	26	elon musk	200+ keresés	trending_up	Aktív	8 órája	200+	arrow_upward	200%	8 órával ezelőtt	trending_up	Aktív	
2026-08-03T07:45:00Z	27	erőmű	1 E+ keresés	timelapse	Eddig tartott: 5 óra	5 órája	1 E+	arrow_upward	700%	5 órával ezelőtt	timelapse	Eddig tartott: 5 óra	hungaromet
2026-08-03T07:45:00Z	28	híd	200+ keresés	trending_up	Aktív	2 órája	200+	arrow_upward	500%	2 órával ezelőtt	trending_up	Aktív	
2026-08-03T07:45:00Z	29	vasas sc	10 E+ keresés	timelapse	Eddig tartott: 12 óra	13 órája	10 E+	arrow_upward	1 000%	13 órával ezelőtt	timelapse	Eddig tartott: 12 óra	ftc–vasas; fradi vasas; ftc; + 3 további
2026-08-03T07:45:00Z	30	rendőrség	1 E+ keresés	timelapse	Eddig tartott: 2 óra	5 órája	1 E+	arrow_upward	300%	5 órával ezelőtt	timelapse	Eddig tartott: 2 óra	
2026-08-03T07:45:00Z	31	újpest–dvsc	5 E+ keresés	timelapse	Eddig tartott: 6 óra	18 órája	5 E+	arrow_upward	1 000%	18 órával ezelőtt	timelapse	Eddig tartott: 6 óra	ujpest
2026-08-03T07:45:00Z	32	forsthoffer ágnes	10 E+ keresés	timelapse	Eddig tartott: 3 óra	19 órája	10 E+	arrow_upward	1 000%	19 órával ezelőtt	timelapse	Eddig tartott: 3 óra	
2026-08-03T07:45:00Z	33	vihar	1 E+ keresés	timelapse	Eddig tartott: 1 óra	4 órája	1 E+	arrow_upward	1 000%	4 órával ezelőtt	timelapse	Eddig tartott: 1 óra	
2026-08-03T07:45:00Z	34	markgráf ákos	1 E+ keresés	trending_up	Aktív	15 órája	1 E+	arrow_upward	200%	15 órával ezelőtt	trending_up	Aktív	nb1
2026-08-03T07:45:00Z	35	nagycsány	1 E+ keresés	timelapse	Eddig tartott: 16 óra	19 órája	1 E+	arrow_upward	1 000%	19 órával ezelőtt	timelapse	Eddig tartott: 16 óra	
2026-08-03T07:45:00Z	36	eto–nyíregyháza	2 E+ keresés	timelapse	Eddig tartott: 3 óra	16 órája	2 E+	arrow_upward	1 000%	16 órával ezelőtt	timelapse	Eddig tartott: 3 óra	
2026-08-03T07:45:00Z	37	repülőgép	5 E+ keresés	timelapse	Eddig tartott: 5 óra	22 órája	5 E+	arrow_upward	1 000%	22 órával ezelőtt	timelapse	Eddig tartott: 5 óra	
2026-08-03T07:45:00Z	38	videoton fc fehérvár	1 E+ keresés	timelapse	Eddig tartott: 13 óra	16 órája	1 E+	arrow_upward	800%	16 órával ezelőtt	timelapse	Eddig tartott: 13 óra	
2026-08-03T07:45:00Z	39	arsenal fc	500+ keresés	timelapse	Eddig tartott: 12 óra	14 órája	500+	arrow_upward	500%	14 órával ezelőtt	timelapse	Eddig tartott: 12 óra	
2026-08-03T07:45:00Z	40	tv2 nagy bejelentés	500+ keresés	timelapse	Eddig tartott: 10 óra	12 órája	500+	arrow_upward	700%	12 órával ezelőtt	timelapse	Eddig tartott: 10 óra	pachmann péter; tények
2026-08-03T07:45:00Z	41	rubint réka	1 E+ keresés	timelapse	Eddig tartott: 6 óra	22 órája	1 E+	arrow_upward	900%	22 órával ezelőtt	timelapse	Eddig tartott: 6 óra	
2026-08-03T07:45:00Z	42	dua lipa	100+ keresés	timelapse	Eddig tartott: 1 óra	2 órája	100+	arrow_upward	600%	2 órával ezelőtt	timelapse	Eddig tartott: 1 óra	
2026-08-03T07:45:00Z	43	napenergia	1 E+ keresés	timelapse	Eddig tartott: 4 óra	22 órája	1 E+	arrow_upward	1 000%	22 órával ezelőtt	timelapse	Eddig tartott: 4 óra	
2026-08-03T07:45:00Z	44	csalás	500+ keresés	timelapse	Eddig tartott: 3 óra	17 órája	500+	arrow_upward	1 000%	17 órával ezelőtt	timelapse	Eddig tartott: 3 óra	
2026-08-03T07:45:00Z	45	magyar labdarúgó-válogatott	500+ keresés	timelapse	Eddig tartott: 2 óra	17 órája	500+	arrow_upward	500%	17 órával ezelőtt	timelapse	Eddig tartott: 2 óra	
2026-08-03T07:45:00Z	46	radar	500+ keresés	timelapse	Eddig tartott: 2 óra	16 órája	500+	arrow_upward	400%	16 órával ezelőtt	timelapse	Eddig tartott: 2 óra	
2026-08-03T07:45:00Z	47	radarkép	500+ keresés	timelapse	Eddig tartott: 1 óra	15 órája	500+	arrow_upward	500%	15 órával ezelőtt	timelapse	Eddig tartott: 1 óra	trópusi éjszaka
2026-08-03T07:45:00Z	48	villamos	200+ keresés	timelapse	Eddig tartott: 1 óra	11 órája	200+	arrow_upward	800%	11 órával ezelőtt	timelapse	Eddig tartott: 1 óra	
2026-08-03T07:45:00Z	49	vinícius júnior	200+ keresés	timelapse	Eddig tartott: 2 óra	17 órája	200+	arrow_upward	500%	17 órával ezelőtt	timelapse	Eddig tartott: 2 óra	
2026-08-03T07:45:00Z	50	fradi meccs	200+ keresés	timelapse	Eddig tartott: 1 óra	14 órája	200+	arrow_upward	500%	14 órával ezelőtt	timelapse	Eddig tartott: 1 óra	
2026-08-03T07:45:00Z	51	időjárás miskolc	100+ keresés	timelapse	Eddig tartott: 10 óra	15 órája	100+	arrow_upward	400%	15 órával ezelőtt	timelapse	Eddig tartott: 10 óra	
2026-08-03T07:45:00Z	52	scott hylands	200+ keresés	timelapse	Eddig tartott: 1 óra	16 órája	200+	arrow_upward	600%	16 órával ezelőtt	timelapse	Eddig tartott: 1 óra	
2026-08-03T07:45:00Z	53	szokás	200+ keresés	timelapse	Eddig tartott: 9 óra	22 órája	200+	arrow_upward	600%	22 órával ezelőtt	timelapse	Eddig tartott: 9 óra	
2026-08-03T07:45:00Z	54	megan fox	100+ keresés	timelapse	Eddig tartott: 1 óra	13 órája	100+	arrow_upward	500%	13 órával ezelőtt	timelapse	Eddig tartott: 1 óra	
2026-08-03T07:45:00Z	55	robinson tours utazási iroda	200+ keresés	timelapse	Eddig tartott: 1 óra	23 órája	200+	arrow_upward	1 000%	23 órával ezelőtt	timelapse	Eddig tartott: 1 óra	
2026-08-03T07:45:00Z	56	kóbor jános	100+ keresés	timelapse	Eddig tartott: 1 óra	16 órája	100+	arrow_upward	1 000%	16 órával ezelőtt	timelapse	Eddig tartott: 1 óra	
2026-08-03T07:45:00Z	57	peru	100+ keresés	timelapse	Eddig tartott: 1 óra	14 órája	100+	arrow_upward	500%	14 órával ezelőtt	timelapse	Eddig tartott: 1 óra	
2026-08-03T07:45:00Z	58	tomáš tujvel	100+ keresés	timelapse	Eddig tartott: 1 óra	16 órája	100+	arrow_upward	500%	16 órával ezelőtt	timelapse	Eddig tartott: 1 óra	
2026-08-04T07:00:00Z	1	áramszünet	20 E+ keresés	trending_up	Aktív	21 órája	20 E+	arrow_upward	1 000%	21 órával ezelőtt	trending_up	Aktív	mvm áramszünet; pénzcentrum.hu
2026-08-04T07:00:00Z	2	habony árpád	5 E+ keresés	trending_up	Aktív	14 órája	5 E+	arrow_upward	1 000%	14 órával ezelőtt	trending_up	Aktív	
2026-08-04T07:00:00Z	3	szerződésszegés	5 E+ keresés	trending_up	Aktív	13 órája	5 E+	arrow_upward	1 000%	13 órával ezelőtt	trending_up	Aktív	
2026-08-04T07:00:00Z	4	aug 8 munkanap	10 E+ keresés	trending_up	Aktív	21 órája	10 E+	arrow_upward	1 000%	21 órával ezelőtt	trending_up	Aktív	augusztus 8 munkanap áthelyezés; szombati munkanap; + 1 további
2026-08-04T07:00:00Z	5	borsa miklós	2 E+ keresés	trending_up	Aktív	13 órája	2 E+	arrow_upward	1 000%	13 órával ezelőtt	trending_up	Aktív	hajdú gábor; hirek
2026-08-04T07:00:00Z	6	ábel anita	5 E+ keresés	trending_up	Aktív	19 órája	5 E+	arrow_upward	1 000%	19 órával ezelőtt	trending_up	Aktív	
2026-08-04T07:00:00Z	7	mészáros lőrinc	2 E+ keresés	trending_up	Aktív	4 órája	2 E+	arrow_upward	1 000%	4 órával ezelőtt	trending_up	Aktív	
2026-08-04T07:00:00Z	8	győr	1 E+ keresés	trending_up	Aktív	1 órája	1 E+	arrow_upward	1 000%	1 órával ezelőtt	trending_up	Aktív	
2026-08-04T07:00:00Z	9	pottyondy edina	2 E+ keresés	trending_up	Aktív	23 órája	2 E+	arrow_upward	1 000%	23 órával ezelőtt	trending_up	Aktív	
2026-08-04T07:00:00Z	10	repülőtéri taxi	2 E+ keresés	trending_up	Aktív	15 órája	2 E+	arrow_upward	1 000%	15 órával ezelőtt	trending_up	Aktív	ferihegy
2026-08-04T07:00:00Z	11	atomerőmű	2 E+ keresés	trending_up	Aktív	15 órája	2 E+	arrow_upward	1 000%	15 órával ezelőtt	trending_up	Aktív	
2026-08-04T07:00:00Z	12	kormányzat	500+ keresés	trending_up	Aktív	40 perce	500+	arrow_upward	1 000%	40 perccel ezelőtt	trending_up	Aktív	lannert judit
2026-08-04T07:00:00Z	13	lehűlés	500+ keresés	trending_up	Aktív	7 órája	500+	arrow_upward	800%	7 órával ezelőtt	trending_up	Aktív	
2026-08-04T07:00:00Z	14	szellő istván	500+ keresés	trending_up	Aktív	3 órája	500+	arrow_upward	800%	3 órával ezelőtt	trending_up	Aktív	tv2 híradó
2026-08-04T07:00:00Z	15	magyar labdarúgó-szövetség	1 E+ keresés	trending_up	Aktív	12 órája	1 E+	arrow_upward	900%	12 órával ezelőtt	trending_up	Aktív	
2026-08-04T07:00:00Z	16	pénzmosás	500+ keresés	trending_up	Aktív	10 órája	500+	arrow_upward	1 000%	10 órával ezelőtt	trending_up	Aktív	
2026-08-04T07:00:00Z	17	tőzsde	200+ keresés	trending_up	Aktív	3 órája	200+	arrow_upward	300%	3 órával ezelőtt	trending_up	Aktív	
2026-08-04T07:00:00Z	18	duna	1 E+ keresés	timelapse	Eddig tartott: 4 óra	4 órája	1 E+	arrow_upward	300%	4 órával ezelőtt	timelapse	Eddig tartott: 4 óra	
2026-08-04T07:00:00Z	19	kézilabdázó	100+ keresés	trending_up	Aktív	1 órája	100+	arrow_upward	600%	1 órával ezelőtt	trending_up	Aktív	
2026-08-04T07:00:00Z	20	razzia	2 E+ keresés	timelapse	Eddig tartott: 16 óra	17 órája	2 E+	arrow_upward	1 000%	17 órával ezelőtt	timelapse	Eddig tartott: 16 óra	
2026-08-04T07:00:00Z	21	zivatar	20 E+ keresés	timelapse	Eddig tartott: 5 óra	18 órája	20 E+	arrow_upward	1 000%	18 órával ezelőtt	timelapse	Eddig tartott: 5 óra	
2026-08-04T07:00:00Z	22	g7.hu	2 E+ keresés	timelapse	Eddig tartott: 16 óra	16 órája	2 E+	arrow_upward	1 000%	16 órával ezelőtt	timelapse	Eddig tartott: 16 óra	
2026-08-04T07:00:00Z	23	ariana grande	2 E+ keresés	timelapse	Eddig tartott: 23 óra	23 órája	2 E+	arrow_upward	500%	23 órával ezelőtt	timelapse	Eddig tartott: 23 óra	
2026-08-04T07:00:00Z	24	nemzeti pedagógus kar	2 E+ keresés	timelapse	Eddig tartott: 21 óra	22 órája	2 E+	arrow_upward	1 000%	22 órával ezelőtt	timelapse	Eddig tartott: 21 óra	
2026-08-04T07:00:00Z	25	feledy botond	2 E+ keresés	timelapse	Eddig tartott: 22 óra	23 órája	2 E+	arrow_upward	1 000%	23 órával ezelőtt	timelapse	Eddig tartott: 22 óra	rácz andrás
2026-08-04T07:00:00Z	26	zalaegerszeg–paks	2 E+ keresés	timelapse	Eddig tartott: 12 óra	15 órája	2 E+	arrow_upward	1 000%	15 órával ezelőtt	timelapse	Eddig tartott: 12 óra	zte paks; zte
2026-08-04T07:00:00Z	27	horányi juli	1 E+ keresés	timelapse	Eddig tartott: 12 óra	12 órája	1 E+	arrow_upward	600%	12 órával ezelőtt	timelapse	Eddig tartott: 12 óra	
2026-08-04T07:00:00Z	28	beruházás	1 E+ keresés	timelapse	Eddig tartott: 14 óra	16 órája	1 E+	arrow_upward	1 000%	16 órával ezelőtt	timelapse	Eddig tartott: 14 óra	
2026-08-04T07:00:00Z	29	gajdos tamás	200+ keresés	timelapse	Eddig tartott: 2 óra	3 órája	200+	arrow_upward	300%	3 órával ezelőtt	timelapse	Eddig tartott: 2 óra	
2026-08-04T07:00:00Z	30	kátai-németh vilmos	500+ keresés	timelapse	Eddig tartott: 12 óra	14 órája	500+	arrow_upward	1 000%	14 órával ezelőtt	timelapse	Eddig tartott: 12 óra	
2026-08-04T07:00:00Z	31	irodalom	1 E+ keresés	timelapse	Eddig tartott: 11 óra	22 órája	1 E+	arrow_upward	1 000%	22 órával ezelőtt	timelapse	Eddig tartott: 11 óra	
2026-08-04T07:00:00Z	32	gianni infantino	200+ keresés	timelapse	Eddig tartott: 2 óra	3 órája	200+	arrow_upward	200%	3 órával ezelőtt	timelapse	Eddig tartott: 2 óra	
2026-08-04T07:00:00Z	33	bóka jános	2 E+ keresés	timelapse	Eddig tartott: 3 óra	17 órája	2 E+	arrow_upward	1 000%	17 órával ezelőtt	timelapse	Eddig tartott: 3 óra	
2026-08-04T07:00:00Z	34	fertőzés	200+ keresés	timelapse	Eddig tartott: 10 óra	11 órája	200+	arrow_upward	600%	11 órával ezelőtt	timelapse	Eddig tartott: 10 óra	
2026-08-04T07:00:00Z	35	debrecen	200+ keresés	timelapse	Eddig tartott: 11 óra	13 órája	200+	arrow_upward	200%	13 órával ezelőtt	timelapse	Eddig tartott: 11 óra	
2026-08-04T07:00:00Z	36	most wanted	1 E+ keresés	timelapse	Eddig tartott: 8 óra	19 órája	1 E+	arrow_upward	700%	19 órával ezelőtt	timelapse	Eddig tartott: 8 óra	
2026-08-04T07:00:00Z	37	phil collins	500+ keresés	timelapse	Eddig tartott: 7 óra	18 órája	500+	arrow_upward	500%	18 órával ezelőtt	timelapse	Eddig tartott: 7 óra	
2026-08-04T07:00:00Z	38	hack péter	1 E+ keresés	timelapse	Eddig tartott: 8 óra	22 órája	1 E+	arrow_upward	1 000%	22 órával ezelőtt	timelapse	Eddig tartott: 8 óra	
2026-08-04T07:00:00Z	39	most wanted 2026	500+ keresés	timelapse	Eddig tartott: 8 óra	19 órája	500+	arrow_upward	500%	19 órával ezelőtt	timelapse	Eddig tartott: 8 óra	
2026-08-04T07:00:00Z	40	monetáris politika	200+ keresés	timelapse	Eddig tartott: 9 óra	12 órája	200+	arrow_upward	900%	12 órával ezelőtt	timelapse	Eddig tartott: 9 óra	
2026-08-04T07:00:00Z	41	baleset	100+ keresés	timelapse	Eddig tartott: 2 óra	3 órája	100+	arrow_upward	300%	3 órával ezelőtt	timelapse	Eddig tartott: 2 óra	
2026-08-04T07:00:00Z	42	szelényi iván	500+ keresés	timelapse	Eddig tartott: 8 óra	21 órája	500+	arrow_upward	900%	21 órával ezelőtt	timelapse	Eddig tartott: 8 óra	
2026-08-04T07:00:00Z	43	jennifer aniston	100+ keresés	timelapse	Eddig tartott: 8 óra	9 órája	100+	arrow_upward	300%	9 órával ezelőtt	timelapse	Eddig tartott: 8 óra	
2026-08-04T07:00:00Z	44	köztársasági elnök	500+ keresés	timelapse	Eddig tartott: 4 óra	20 órája	500+	arrow_upward	900%	20 órával ezelőtt	timelapse	Eddig tartott: 4 óra	
2026-08-04T07:00:00Z	45	vini	500+ keresés	timelapse	Eddig tartott: 7 óra	19 órája	500+	arrow_upward	500%	19 órával ezelőtt	timelapse	Eddig tartott: 7 óra	
2026-08-04T07:00:00Z	46	hírek	100+ keresés	timelapse	Eddig tartott: 50 perc	3 órája	100+	arrow_upward	75%	3 órával ezelőtt	timelapse	Eddig tartott: 50 perc	
2026-08-04T07:00:00Z	47	mezei szabolcs	200+ keresés	timelapse	Eddig tartott: 4 óra	17 órája	200+	arrow_upward	800%	17 órával ezelőtt	timelapse	Eddig tartott: 4 óra	
2026-08-04T07:00:00Z	48	varese	200+ keresés	timelapse	Eddig tartott: 13 óra	15 órája	200+	arrow_upward	600%	15 órával ezelőtt	timelapse	Eddig tartott: 13 óra	
2026-08-04T07:00:00Z	49	chelsea fc	200+ keresés	timelapse	Eddig tartott: 4 óra	15 órája	200+	arrow_upward	800%	15 órával ezelőtt	timelapse	Eddig tartott: 4 óra	
2026-08-04T07:00:00Z	50	augusztus 3	200+ keresés	timelapse	Eddig tartott: 9 óra	23 órája	200+	arrow_upward	500%	23 órával ezelőtt	timelapse	Eddig tartott: 9 óra	horoszkop; heti horoszkóp
2026-08-04T07:00:00Z	51	cinema city	500+ keresés	timelapse	Eddig tartott: 40 perc	10 órája	500+	arrow_upward	100%	10 órával ezelőtt	timelapse	Eddig tartott: 40 perc	
2026-08-04T07:00:00Z	52	sárkányok háza 3 évad 7 rész	100+ keresés	timelapse	Eddig tartott: 1 óra	11 órája	100+	arrow_upward	200%	11 órával ezelőtt	timelapse	Eddig tartott: 1 óra	
2026-08-04T07:00:00Z	53	vida kamilla	100+ keresés	timelapse	Eddig tartott: 1 óra	16 órája	100+	arrow_upward	600%	16 órával ezelőtt	timelapse	Eddig tartott: 1 óra	
2026-08-04T07:00:00Z	54	baleset	100+ keresés	timelapse	Eddig tartott: 1 óra	23 órája	100+	arrow_upward	600%	23 órával ezelőtt	timelapse	Eddig tartott: 1 óra	
2026-08-04T07:00:00Z	55	otp	200+ keresés	timelapse	Eddig tartott: 40 perc	23 órája	200+	arrow_upward	75%	23 órával ezelőtt	timelapse	Eddig tartott: 40 perc	
2026-08-05T07:00:00Z	1	gyümölcs	10 E+ keresés	trending_up	Aktív	16 órája	10 E+	arrow_upward	1 000%	16 órával ezelőtt	trending_up	Aktív	
2026-08-05T07:00:00Z	2	haláleset	5 E+ keresés	trending_up	Aktív	16 órája	5 E+	arrow_upward	1 000%	16 órával ezelőtt	trending_up	Aktív	
2026-08-05T07:00:00Z	3	csernavodai atomerőmű	2 E+ keresés	trending_up	Aktív	4 órája	2 E+	arrow_upward	1 000%	4 órával ezelőtt	trending_up	Aktív	
2026-08-05T07:00:00Z	4	tévécsatorna	2 E+ keresés	trending_up	Aktív	9 órája	2 E+	arrow_upward	1 000%	9 órával ezelőtt	trending_up	Aktív	
2026-08-05T07:00:00Z	5	vízgazdálkodás	5 E+ keresés	trending_up	Aktív	19 órája	5 E+	arrow_upward	1 000%	19 órával ezelőtt	trending_up	Aktív	
2026-08-05T07:00:00Z	6	fidesz	5 E+ keresés	trending_up	Aktív	13 órája	5 E+	arrow_upward	1 000%	13 órával ezelőtt	trending_up	Aktív	
2026-08-05T07:00:00Z	7	tesco	5 E+ keresés	trending_up	Aktív	16 órája	5 E+	arrow_upward	300%	16 órával ezelőtt	trending_up	Aktív	tesco kivonul; kivonul a tesco
2026-08-05T07:00:00Z	8	magyarok az egyesült királyságban	2 E+ keresés	trending_up	Aktív	20 órája	2 E+	arrow_upward	1 000%	20 órával ezelőtt	trending_up	Aktív	
2026-08-05T07:00:00Z	9	stohl luca	2 E+ keresés	trending_up	Aktív	20 órája	2 E+	arrow_upward	1 000%	20 órával ezelőtt	trending_up	Aktív	
2026-08-05T07:00:00Z	10	országos jégkármérséklő rendszer	2 E+ keresés	trending_up	Aktív	17 órája	2 E+	arrow_upward	1 000%	17 órával ezelőtt	trending_up	Aktív	
2026-08-05T07:00:00Z	11	nyári dia	1 E+ keresés	trending_up	Aktív	11 órája	1 E+	arrow_upward	1 000%	11 órával ezelőtt	trending_up	Aktív	
2026-08-05T07:00:00Z	12	google	2 E+ keresés	trending_up	Aktív	3 órája	2 E+	arrow_upward	75%	3 órával ezelőtt	trending_up	Aktív	
2026-08-05T07:00:00Z	13	shane tusup	500+ keresés	trending_up	Aktív	2 órája	500+	arrow_upward	1 000%	2 órával ezelőtt	trending_up	Aktív	hosszú katinka
2026-08-05T07:00:00Z	14	gigi hadid	500+ keresés	trending_up	Aktív	17 órája	500+	arrow_upward	500%	17 órával ezelőtt	trending_up	Aktív	bradley cooper
2026-08-05T07:00:00Z	15	molnár áron	500+ keresés	trending_up	Aktív	11 órája	500+	arrow_upward	600%	11 órával ezelőtt	trending_up	Aktív	
2026-08-05T07:00:00Z	16	magyar rendőrség	200+ keresés	trending_up	Aktív	4 órája	200+	arrow_upward	400%	4 órával ezelőtt	trending_up	Aktív	
2026-08-05T07:00:00Z	17	mma	500+ keresés	trending_up	Aktív	13 órája	500+	arrow_upward	500%	13 órával ezelőtt	trending_up	Aktív	
2026-08-05T07:00:00Z	18	magyar távirati iroda	200+ keresés	trending_up	Aktív	10 órája	200+	arrow_upward	400%	10 órával ezelőtt	trending_up	Aktív	
2026-08-05T07:00:00Z	19	gyógyszer	2 E+ keresés	timelapse	Eddig tartott: 16 óra	16 órája	2 E+	arrow_upward	1 000%	16 órával ezelőtt	timelapse	Eddig tartott: 16 óra	
2026-08-05T07:00:00Z	20	halál	2 E+ keresés	timelapse	Eddig tartott: 17 óra	20 órája	2 E+	arrow_upward	1 000%	20 órával ezelőtt	timelapse	Eddig tartott: 17 óra	
2026-08-05T07:00:00Z	21	rendőrség	5 E+ keresés	timelapse	Eddig tartott: 14 óra	17 órája	5 E+	arrow_upward	900%	17 órával ezelőtt	timelapse	Eddig tartott: 14 óra	
2026-08-05T07:00:00Z	22	jeju united–bayern münchen	2 E+ keresés	timelapse	Eddig tartott: 7 óra	20 órája	2 E+	arrow_upward	1 000%	20 órával ezelőtt	timelapse	Eddig tartott: 7 óra	
2026-08-05T07:00:00Z	23	dunakeszi	2 E+ keresés	timelapse	Eddig tartott: 7 óra	20 órája	2 E+	arrow_upward	1 000%	20 órával ezelőtt	timelapse	Eddig tartott: 7 óra	medertörés
2026-08-05T07:00:00Z	24	pathum united–aston villa	1 E+ keresés	timelapse	Eddig tartott: 15 óra	18 órája	1 E+	arrow_upward	1 000%	18 órával ezelőtt	timelapse	Eddig tartott: 15 óra	
2026-08-05T07:00:00Z	25	európai labdarúgó-szövetség	500+ keresés	timelapse	Eddig tartott: 14 óra	17 órája	500+	arrow_upward	900%	17 órával ezelőtt	timelapse	Eddig tartott: 14 óra	
2026-08-05T07:00:00Z	26	jos verstappen	200+ keresés	timelapse	Eddig tartott: 14 óra	16 órája	200+	arrow_upward	700%	16 órával ezelőtt	timelapse	Eddig tartott: 14 óra	
2026-08-05T07:00:00Z	27	klebelsberg központ	1 E+ keresés	timelapse	Eddig tartott: 5 óra	17 órája	1 E+	arrow_upward	1 000%	17 órával ezelőtt	timelapse	Eddig tartott: 5 óra	
2026-08-05T07:00:00Z	28	paks ii. atomerőmű	500+ keresés	timelapse	Eddig tartott: 13 óra	16 órája	500+	arrow_upward	1 000%	16 órával ezelőtt	timelapse	Eddig tartott: 13 óra	
2026-08-05T07:00:00Z	29	egészségügyi miniszter	1 E+ keresés	timelapse	Eddig tartott: 4 óra	18 órája	1 E+	arrow_upward	1 000%	18 órával ezelőtt	timelapse	Eddig tartott: 4 óra	
2026-08-05T07:00:00Z	30	csapadék	1 E+ keresés	timelapse	Eddig tartott: 5 óra	23 órája	1 E+	arrow_upward	1 000%	23 órával ezelőtt	timelapse	Eddig tartott: 5 óra	
2026-08-05T07:00:00Z	31	geszti péter	1 E+ keresés	timelapse	Eddig tartott: 4 óra	13 órája	1 E+	arrow_upward	1 000%	13 órával ezelőtt	timelapse	Eddig tartott: 4 óra	romsics ignác
2026-08-05T07:00:00Z	32	omv	500+ keresés	timelapse	Eddig tartott: 6 óra	19 órája	500+	arrow_upward	1 000%	19 órával ezelőtt	timelapse	Eddig tartott: 6 óra	
2026-08-05T07:00:00Z	33	előrejelzés	200+ keresés	timelapse	Eddig tartott: 9 óra	11 órája	200+	arrow_upward	1 000%	11 órával ezelőtt	timelapse	Eddig tartott: 9 óra	
2026-08-05T07:00:00Z	34	gajdos lászló	1 E+ keresés	timelapse	Eddig tartott: 2 óra	20 órája	1 E+	arrow_upward	1 000%	20 órával ezelőtt	timelapse	Eddig tartott: 2 óra	
2026-08-05T07:00:00Z	35	amy schumer	200+ keresés	timelapse	Eddig tartott: 14 óra	16 órája	200+	arrow_upward	1 000%	16 órával ezelőtt	timelapse	Eddig tartott: 14 óra	
2026-08-05T07:00:00Z	36	newport–roma	200+ keresés	timelapse	Eddig tartott: 2 óra	12 órája	200+	arrow_upward	1 000%	12 órával ezelőtt	timelapse	Eddig tartott: 2 óra	
2026-08-05T07:00:00Z	37	holadelej.hu	100+ keresés	timelapse	Eddig tartott: 2 óra	2 órája	100+	arrow_upward	100%	2 órával ezelőtt	timelapse	Eddig tartott: 2 óra	
2026-08-05T07:00:00Z	38	vízállás	1 E+ keresés	timelapse	Eddig tartott: 1 óra	20 órája	1 E+	arrow_upward	1 000%	20 órával ezelőtt	timelapse	Eddig tartott: 1 óra	vízállás duna
2026-08-05T07:00:00Z	39	pécsi ármin	100+ keresés	timelapse	Eddig tartott: 2 óra	4 órája	100+	arrow_upward	300%	4 órával ezelőtt	timelapse	Eddig tartott: 2 óra	
2026-08-05T07:00:00Z	40	ks górnik zabrze	200+ keresés	timelapse	Eddig tartott: 11 óra	13 órája	200+	arrow_upward	400%	13 órával ezelőtt	timelapse	Eddig tartott: 11 óra	
2026-08-05T07:00:00Z	41	netflix	1 E+ keresés	timelapse	Eddig tartott: 1 óra	11 órája	1 E+	arrow_upward	50%	11 órával ezelőtt	timelapse	Eddig tartott: 1 óra	
2026-08-05T07:00:00Z	42	videoton fc fehérvár	200+ keresés	timelapse	Eddig tartott: 11 óra	13 órája	200+	arrow_upward	500%	13 órával ezelőtt	timelapse	Eddig tartott: 11 óra	
2026-08-05T07:00:00Z	43	kézilabda	200+ keresés	timelapse	Eddig tartott: 10 óra	12 órája	200+	arrow_upward	300%	12 órával ezelőtt	timelapse	Eddig tartott: 10 óra	
2026-08-05T07:00:00Z	44	kall ingredients kft.	500+ keresés	timelapse	Eddig tartott: 2 óra	19 órája	500+	arrow_upward	1 000%	19 órával ezelőtt	timelapse	Eddig tartott: 2 óra	
2026-08-05T07:00:00Z	45	új szó	200+ keresés	timelapse	Eddig tartott: 2 óra	16 órája	200+	arrow_upward	1 000%	16 órával ezelőtt	timelapse	Eddig tartott: 2 óra	
2026-08-05T07:00:00Z	46	egyesült államok	500+ keresés	timelapse	Eddig tartott: 3 óra	18 órája	500+	arrow_upward	1 000%	18 órával ezelőtt	timelapse	Eddig tartott: 3 óra	
2026-08-05T07:00:00Z	47	kall ingredients kft	200+ keresés	timelapse	Eddig tartott: 3 óra	17 órája	200+	arrow_upward	500%	17 órával ezelőtt	timelapse	Eddig tartott: 3 óra	
2026-08-05T07:00:00Z	48	pókember: nincs hazaút	100+ keresés	timelapse	Eddig tartott: 3 óra	14 órája	100+	arrow_upward	1 000%	14 órával ezelőtt	timelapse	Eddig tartott: 3 óra	
2026-08-05T07:00:00Z	49	államfő	500+ keresés	timelapse	Eddig tartott: 1 óra	23 órája	500+	arrow_upward	1 000%	23 órával ezelőtt	timelapse	Eddig tartott: 1 óra	
2026-08-05T07:00:00Z	50	hadházy ákos	500+ keresés	timelapse	Eddig tartott: 1 óra	20 órája	500+	arrow_upward	1 000%	20 órával ezelőtt	timelapse	Eddig tartott: 1 óra	
2026-08-05T07:00:00Z	51	montenegró	200+ keresés	timelapse	Eddig tartott: 10 óra	22 órája	200+	arrow_upward	400%	22 órával ezelőtt	timelapse	Eddig tartott: 10 óra	
2026-08-05T07:00:00Z	52	m1 híradó	200+ keresés	timelapse	Eddig tartott: 11 óra	13 órája	200+	arrow_upward	300%	13 órával ezelőtt	timelapse	Eddig tartott: 11 óra	hajdú gábor m1
2026-08-05T07:00:00Z	53	mcdonald’s	200+ keresés	timelapse	Eddig tartott: 1 óra	16 órája	200+	arrow_upward	1 000%	16 órával ezelőtt	timelapse	Eddig tartott: 1 óra	
2026-08-05T07:00:00Z	54	szalmonella	500+ keresés	timelapse	Eddig tartott: 40 perc	17 órája	500+	arrow_upward	1 000%	17 órával ezelőtt	timelapse	Eddig tartott: 40 perc	
2026-08-05T07:00:00Z	55	wetter morgen	200+ keresés	timelapse	Eddig tartott: 1 óra	12 órája	200+	arrow_upward	50%	12 órával ezelőtt	timelapse	Eddig tartott: 1 óra	
2026-08-05T07:00:00Z	56	gelendzsik	200+ keresés	timelapse	Eddig tartott: 1 óra	20 órája	200+	arrow_upward	600%	20 órával ezelőtt	timelapse	Eddig tartott: 1 óra	
2026-08-05T07:00:00Z	57	sportfogadás	100+ keresés	timelapse	Eddig tartott: 1 óra	6 órája	100+	arrow_upward	75%	6 órával ezelőtt	timelapse	Eddig tartott: 1 óra	sportfogadas
2026-08-05T07:00:00Z	58	opus global	200+ keresés	timelapse	Eddig tartott: 1 óra	20 órája	200+	arrow_upward	800%	20 órával ezelőtt	timelapse	Eddig tartott: 1 óra	
2026-08-05T07:00:00Z	59	film	100+ keresés	timelapse	Eddig tartott: 3 óra	16 órája	100+	arrow_upward	500%	16 órával ezelőtt	timelapse	Eddig tartott: 3 óra	
2026-08-05T07:00:00Z	60	gáspár laci	100+ keresés	timelapse	Eddig tartott: 1 óra	13 órája	100+	arrow_upward	500%	13 órával ezelőtt	timelapse	Eddig tartott: 1 óra	
2026-08-05T07:00:00Z	61	kutya	100+ keresés	timelapse	Eddig tartott: 50 perc	20 órája	100+	arrow_upward	400%	20 órával ezelőtt	timelapse	Eddig tartott: 50 perc	
2026-08-06T07:04:00Z	1	csapadék	20 E+ keresés	trending_up	Aktív	23 órája	20 E+	arrow_upward	1 000%	23 órával ezelőtt	trending_up	Aktív	
2026-08-06T07:04:00Z	2	baka andrás	10 E+ keresés	trending_up	Aktív	23 órája	10 E+	arrow_upward	1 000%	23 órával ezelőtt	trending_up	Aktív	
2026-08-06T07:04:00Z	3	esküvő	10 E+ keresés	trending_up	Aktív	22 órája	10 E+	arrow_upward	1 000%	22 órával ezelőtt	trending_up	Aktív	
2026-08-06T07:04:00Z	4	szlovákia	5 E+ keresés	trending_up	Aktív	11 órája	5 E+	arrow_upward	1 000%	11 órával ezelőtt	trending_up	Aktív	
2026-08-06T07:04:00Z	5	hőkupola	5 E+ keresés	trending_up	Aktív	15 órája	5 E+	arrow_upward	1 000%	15 órával ezelőtt	trending_up	Aktív	
2026-08-06T07:04:00Z	6	arsenal–betis	5 E+ keresés	trending_up	Aktív	13 órája	5 E+	arrow_upward	1 000%	13 órával ezelőtt	trending_up	Aktív	arsenal vs betis; arsenal
2026-08-06T07:04:00Z	7	farkas franciska	2 E+ keresés	trending_up	Aktív	19 órája	2 E+	arrow_upward	1 000%	19 órával ezelőtt	trending_up	Aktív	
2026-08-06T07:04:00Z	8	mallorca–psg	2 E+ keresés	trending_up	Aktív	12 órája	2 E+	arrow_upward	1 000%	12 órával ezelőtt	trending_up	Aktív	
2026-08-06T07:04:00Z	9	oroszlán	2 E+ keresés	trending_up	Aktív	13 órája	2 E+	arrow_upward	1 000%	13 órával ezelőtt	trending_up	Aktív	
2026-08-06T07:04:00Z	10	vona gábor	2 E+ keresés	trending_up	Aktív	19 órája	2 E+	arrow_upward	1 000%	19 órával ezelőtt	trending_up	Aktív	hajdú gábor m1
2026-08-06T07:04:00Z	11	melis zoltán	1 E+ keresés	trending_up	Aktív	10 órája	1 E+	arrow_upward	1 000%	10 órával ezelőtt	trending_up	Aktív	
2026-08-06T07:04:00Z	12	benzinkút	2 E+ keresés	trending_up	Aktív	18 órája	2 E+	arrow_upward	1 000%	18 órával ezelőtt	trending_up	Aktív	
2026-08-06T07:04:00Z	13	főtitkár	2 E+ keresés	trending_up	Aktív	15 órája	2 E+	arrow_upward	1 000%	15 órával ezelőtt	trending_up	Aktív	
2026-08-06T07:04:00Z	14	csőd	1 E+ keresés	trending_up	Aktív	10 órája	1 E+	arrow_upward	1 000%	10 órával ezelőtt	trending_up	Aktív	accell hunland kft
2026-08-06T07:04:00Z	15	sziget fesztivál	500+ keresés	trending_up	Aktív	3 órája	500+	arrow_upward	200%	3 órával ezelőtt	trending_up	Aktív	
2026-08-06T07:04:00Z	16	holnapi időjárás	50 E+ keresés	timelapse	Eddig tartott: 4 óra	12 órája	50 E+	arrow_upward	100%	12 órával ezelőtt	timelapse	Eddig tartott: 4 óra	
2026-08-06T07:04:00Z	17	salah	2 E+ keresés	trending_up	Aktív	20 órája	2 E+	arrow_upward	500%	20 órával ezelőtt	trending_up	Aktív	mohamed szaláh
2026-08-06T07:04:00Z	18	india	200+ keresés	trending_up	Aktív	2 órája	200+	arrow_upward	1 000%	2 órával ezelőtt	trending_up	Aktív	
2026-08-06T07:04:00Z	19	tűz	5 E+ keresés	timelapse	Eddig tartott: 15 óra	15 órája	5 E+	arrow_upward	1 000%	15 órával ezelőtt	timelapse	Eddig tartott: 15 óra	székesfehérvár tűz; feol; tűz székesfehérvár
2026-08-06T07:04:00Z	20	lindsay clancy	200+ keresés	trending_up	Aktív	9 órája	200+	arrow_upward	300%	9 órával ezelőtt	trending_up	Aktív	
2026-08-06T07:04:00Z	21	hajnal tamás	200+ keresés	trending_up	Aktív	3 órája	200+	arrow_upward	500%	3 órával ezelőtt	trending_up	Aktív	
2026-08-06T07:04:00Z	22	vonat	10 E+ keresés	timelapse	Eddig tartott: 9 óra	21 órája	10 E+	arrow_upward	1 000%	21 órával ezelőtt	timelapse	Eddig tartott: 9 óra	
2026-08-06T07:04:00Z	23	szerencsejáték zrt.	100+ keresés	trending_up	Aktív	1 órája	100+	arrow_upward	400%	1 órával ezelőtt	trending_up	Aktív	
2026-08-06T07:04:00Z	24	augusztus 5	1 E+ keresés	timelapse	Eddig tartott: 21 óra	22 órája	1 E+	arrow_upward	1 000%	22 órával ezelőtt	timelapse	Eddig tartott: 21 óra	augusztus 5.
2026-08-06T07:04:00Z	25	majoros péter	2 E+ keresés	timelapse	Eddig tartott: 21 óra	21 órája	2 E+	arrow_upward	1 000%	21 órával ezelőtt	timelapse	Eddig tartott: 21 óra	majka
2026-08-06T07:04:00Z	26	ftc	5 E+ keresés	timelapse	Eddig tartott: 11 óra	13 órája	5 E+	arrow_upward	400%	13 órával ezelőtt	timelapse	Eddig tartott: 11 óra	uefa európa-liga; fradi meccs; fradi; + 8 további
2026-08-06T07:04:00Z	27	gönczi gábor	2 E+ keresés	timelapse	Eddig tartott: 22 óra	23 órája	2 E+	arrow_upward	1 000%	23 órával ezelőtt	timelapse	Eddig tartott: 22 óra	
2026-08-06T07:04:00Z	28	orbán viktor	1 E+ keresés	timelapse	Eddig tartott: 2 óra	4 órája	1 E+	arrow_upward	1 000%	4 órával ezelőtt	timelapse	Eddig tartott: 2 óra	24
2026-08-06T07:04:00Z	29	444	5 E+ keresés	timelapse	Eddig tartott: 17 óra	18 órája	5 E+	arrow_upward	200%	18 órával ezelőtt	timelapse	Eddig tartott: 17 óra	
2026-08-06T07:04:00Z	30	nyugdíj	2 E+ keresés	timelapse	Eddig tartott: 1 óra	3 órája	2 E+	arrow_upward	100%	3 órával ezelőtt	timelapse	Eddig tartott: 1 óra	
2026-08-06T07:04:00Z	31	siklósi beatrix	2 E+ keresés	timelapse	Eddig tartott: 21 óra	21 órája	2 E+	arrow_upward	1 000%	21 órával ezelőtt	timelapse	Eddig tartott: 21 óra	
2026-08-06T07:04:00Z	32	elektromos áram	500+ keresés	timelapse	Eddig tartott: 10 óra	10 órája	500+	arrow_upward	700%	10 órával ezelőtt	timelapse	Eddig tartott: 10 óra	
2026-08-06T07:04:00Z	33	chelsea–juventus	5 E+ keresés	timelapse	Eddig tartott: 9 óra	20 órája	5 E+	arrow_upward	1 000%	20 órával ezelőtt	timelapse	Eddig tartott: 9 óra	chelsea vs juventus
2026-08-06T07:04:00Z	34	k league all-stars–manchester city	5 E+ keresés	timelapse	Eddig tartott: 9 óra	20 órája	5 E+	arrow_upward	1 000%	20 órával ezelőtt	timelapse	Eddig tartott: 9 óra	
2026-08-06T07:04:00Z	35	el niño	500+ keresés	timelapse	Eddig tartott: 2 óra	4 órája	500+	arrow_upward	1 000%	4 órával ezelőtt	timelapse	Eddig tartott: 2 óra	
2026-08-06T07:04:00Z	36	rubint réka	500+ keresés	timelapse	Eddig tartott: 9 óra	10 órája	500+	arrow_upward	1 000%	10 órával ezelőtt	timelapse	Eddig tartott: 9 óra	
2026-08-06T07:04:00Z	37	bruno guimarães	200+ keresés	timelapse	Eddig tartott: 3 óra	3 órája	200+	arrow_upward	300%	3 órával ezelőtt	timelapse	Eddig tartott: 3 óra	
2026-08-06T07:04:00Z	38	milan–inter	2 E+ keresés	timelapse	Eddig tartott: 8 óra	20 órája	2 E+	arrow_upward	1 000%	20 órával ezelőtt	timelapse	Eddig tartott: 8 óra	
2026-08-06T07:04:00Z	39	holttest	200+ keresés	timelapse	Eddig tartott: 12 óra	13 órája	200+	arrow_upward	600%	13 órával ezelőtt	timelapse	Eddig tartott: 12 óra	
2026-08-06T07:04:00Z	40	segítségnyújtás elmulasztása	1 E+ keresés	timelapse	Eddig tartott: 8 óra	19 órája	1 E+	arrow_upward	1 000%	19 órával ezelőtt	timelapse	Eddig tartott: 8 óra	
2026-08-06T07:04:00Z	41	hír	2 E+ keresés	timelapse	Eddig tartott: 3 óra	16 órája	2 E+	arrow_upward	900%	16 órával ezelőtt	timelapse	Eddig tartott: 3 óra	
2026-08-06T07:04:00Z	42	köztársasági elnök	500+ keresés	timelapse	Eddig tartott: 15 óra	15 órája	500+	arrow_upward	600%	15 órával ezelőtt	timelapse	Eddig tartott: 15 óra	tisza
2026-08-06T07:04:00Z	43	weather tomorrow	1 E+ keresés	timelapse	Eddig tartott: 4 óra	12 órája	1 E+	arrow_upward	100%	12 órával ezelőtt	timelapse	Eddig tartott: 4 óra	
2026-08-06T07:04:00Z	44	tűzifa	1 E+ keresés	timelapse	Eddig tartott: 6 óra	17 órája	1 E+	arrow_upward	1 000%	17 órával ezelőtt	timelapse	Eddig tartott: 6 óra	
2026-08-06T07:04:00Z	45	tenisz	100+ keresés	timelapse	Eddig tartott: 1 óra	2 órája	100+	arrow_upward	300%	2 órával ezelőtt	timelapse	Eddig tartott: 1 óra	
2026-08-06T07:04:00Z	46	augusztus 6.	100+ keresés	timelapse	Eddig tartott: 2 óra	3 órája	100+	arrow_upward	200%	3 órával ezelőtt	timelapse	Eddig tartott: 2 óra	horoszkop
2026-08-06T07:04:00Z	47	horvátország	2 E+ keresés	timelapse	Eddig tartott: 3 óra	22 órája	2 E+	arrow_upward	1 000%	22 órával ezelőtt	timelapse	Eddig tartott: 3 óra	
2026-08-06T07:04:00Z	48	andoni iraola	100+ keresés	timelapse	Eddig tartott: 1 óra	2 órája	100+	arrow_upward	400%	2 órával ezelőtt	timelapse	Eddig tartott: 1 óra	
2026-08-06T07:04:00Z	49	inter miami–atlético san luis	200+ keresés	timelapse	Eddig tartott: 3 óra	6 órája	200+	arrow_upward	600%	6 órával ezelőtt	timelapse	Eddig tartott: 3 óra	
2026-08-06T07:04:00Z	50	marco rossi	200+ keresés	timelapse	Eddig tartott: 10 óra	12 órája	200+	arrow_upward	900%	12 órával ezelőtt	timelapse	Eddig tartott: 10 óra	
2026-08-06T07:04:00Z	51	ea	200+ keresés	timelapse	Eddig tartott: 14 óra	16 órája	200+	arrow_upward	400%	16 órával ezelőtt	timelapse	Eddig tartott: 14 óra	
2026-08-06T07:04:00Z	52	panathinaikos–cska 1948	200+ keresés	timelapse	Eddig tartott: 9 óra	11 órája	200+	arrow_upward	300%	11 órával ezelőtt	timelapse	Eddig tartott: 9 óra	
2026-08-06T07:04:00Z	53	wetter morgen	500+ keresés	timelapse	Eddig tartott: 3 óra	12 órája	500+	arrow_upward	100%	12 órával ezelőtt	timelapse	Eddig tartott: 3 óra	
2026-08-06T07:04:00Z	54	port tv	500+ keresés	timelapse	Eddig tartott: 13 óra	16 órája	500+	arrow_upward	700%	16 órával ezelőtt	timelapse	Eddig tartott: 13 óra	
2026-08-06T07:04:00Z	55	puzsér róbert	200+ keresés	timelapse	Eddig tartott: 10 óra	12 órája	200+	arrow_upward	200%	12 órával ezelőtt	timelapse	Eddig tartott: 10 óra	
2026-08-06T07:04:00Z	56	nirmal purdzsa	200+ keresés	timelapse	Eddig tartott: 8 óra	10 órája	200+	arrow_upward	600%	10 órával ezelőtt	timelapse	Eddig tartott: 8 óra	
2026-08-06T07:04:00Z	57	rakéta	500+ keresés	timelapse	Eddig tartott: 5 óra	19 órája	500+	arrow_upward	800%	19 órával ezelőtt	timelapse	Eddig tartott: 5 óra	
2026-08-06T07:04:00Z	58	új szó	500+ keresés	timelapse	Eddig tartott: 3 óra	16 órája	500+	arrow_upward	1 000%	16 órával ezelőtt	timelapse	Eddig tartott: 3 óra	kivonul a tesco magyarországról
2026-08-06T07:04:00Z	59	szalmonella	200+ keresés	timelapse	Eddig tartott: 40 perc	3 órája	200+	arrow_upward	500%	3 órával ezelőtt	timelapse	Eddig tartott: 40 perc	
2026-08-06T07:04:00Z	60	ásványvíz	500+ keresés	timelapse	Eddig tartott: 1 óra	12 órája	500+	arrow_upward	1 000%	12 órával ezelőtt	timelapse	Eddig tartott: 1 óra	
2026-08-06T07:04:00Z	61	dédestapolcsány	200+ keresés	timelapse	Eddig tartott: 11 óra	12 órája	200+	arrow_upward	500%	12 órával ezelőtt	timelapse	Eddig tartott: 11 óra	
2026-08-06T07:04:00Z	62	scarlett johansson	200+ keresés	timelapse	Eddig tartott: 6 óra	15 órája	200+	arrow_upward	700%	15 órával ezelőtt	timelapse	Eddig tartott: 6 óra	
2026-08-06T07:04:00Z	63	edző	200+ keresés	timelapse	Eddig tartott: 3 óra	16 órája	200+	arrow_upward	900%	16 órával ezelőtt	timelapse	Eddig tartott: 3 óra	
2026-08-06T07:04:00Z	64	baranya	200+ keresés	timelapse	Eddig tartott: 4 óra	17 órája	200+	arrow_upward	1 000%	17 órával ezelőtt	timelapse	Eddig tartott: 4 óra	
2026-08-06T07:04:00Z	65	leon balogun	100+ keresés	timelapse	Eddig tartott: 1 óra	10 órája	100+	arrow_upward	600%	10 órával ezelőtt	timelapse	Eddig tartott: 1 óra	
2026-08-06T07:04:00Z	66	szoros	200+ keresés	timelapse	Eddig tartott: 1 óra	17 órája	200+	arrow_upward	1 000%	17 órával ezelőtt	timelapse	Eddig tartott: 1 óra	
2026-08-06T07:04:00Z	67	napoli–osasuna	100+ keresés	timelapse	Eddig tartott: 10 óra	13 órája	100+	arrow_upward	1 000%	13 órával ezelőtt	timelapse	Eddig tartott: 10 óra	
2026-08-06T07:04:00Z	68	погода завтра	200+ keresés	timelapse	Eddig tartott: 3 óra	12 órája	200+	arrow_upward	100%	12 órával ezelőtt	timelapse	Eddig tartott: 3 óra	
2026-08-06T07:04:00Z	69	pedagógusok demokratikus szakszervezete	100+ keresés	timelapse	Eddig tartott: 1 óra	16 órája	100+	arrow_upward	700%	16 órával ezelőtt	timelapse	Eddig tartott: 1 óra	
2026-08-06T07:04:00Z	70	donald trump	100+ keresés	timelapse	Eddig tartott: 12 óra	16 órája	100+	arrow_upward	400%	16 órával ezelőtt	timelapse	Eddig tartott: 12 óra	
2026-08-06T07:04:00Z	71	motorkerékpár	200+ keresés	timelapse	Eddig tartott: 3 óra	21 órája	200+	arrow_upward	300%	21 órával ezelőtt	timelapse	Eddig tartott: 3 óra	
2026-08-06T07:04:00Z	72	anthropic	100+ keresés	timelapse	Eddig tartott: 11 óra	12 órája	100+	arrow_upward	300%	12 órával ezelőtt	timelapse	Eddig tartott: 11 óra	github
2026-08-06T07:04:00Z	73	taylor swift	200+ keresés	timelapse	Eddig tartott: 1 óra	23 órája	200+	arrow_upward	1 000%	23 órával ezelőtt	timelapse	Eddig tartott: 1 óra	
2026-08-06T07:04:00Z	74	film	100+ keresés	timelapse	Eddig tartott: 20 perc	11 órája	100+	arrow_upward	300%	11 órával ezelőtt	timelapse	Eddig tartott: 20 perc	
2026-08-10T07:00:00Z	1	janza benedek	20 E+ keresés	trending_up	Aktív	14 órája	20 E+	arrow_upward	1 000%	14 órával ezelőtt	trending_up	Aktív	janza benedek balesete; janza benedek minisztérium; + 2 további
2026-08-10T07:00:00Z	2	korhatár	2 E+ keresés	trending_up	Aktív	2 órája	2 E+	arrow_upward	1 000%	2 órával ezelőtt	trending_up	Aktív	
2026-08-10T07:00:00Z	3	szerbia	2 E+ keresés	trending_up	Aktív	17 órája	2 E+	arrow_upward	1 000%	17 órával ezelőtt	trending_up	Aktív	orban viktor szerbia; hatvanpuszta
2026-08-10T07:00:00Z	4	halpusztulás	2 E+ keresés	trending_up	Aktív	16 órája	2 E+	arrow_upward	1 000%	16 órával ezelőtt	trending_up	Aktív	
2026-08-10T07:00:00Z	5	tóth alex	2 E+ keresés	trending_up	Aktív	20 órája	2 E+	arrow_upward	1 000%	20 órával ezelőtt	trending_up	Aktív	
2026-08-10T07:00:00Z	6	elton acolatse	2 E+ keresés	trending_up	Aktív	19 órája	2 E+	arrow_upward	1 000%	19 órával ezelőtt	trending_up	Aktív	
2026-08-10T07:00:00Z	7	hadházy ákos	1 E+ keresés	trending_up	Aktív	2 órája	1 E+	arrow_upward	1 000%	2 órával ezelőtt	trending_up	Aktív	
2026-08-10T07:00:00Z	8	liverpool–monaco	20 E+ keresés	timelapse	Eddig tartott: 16 óra	17 órája	20 E+	arrow_upward	1 000%	17 órával ezelőtt	timelapse	Eddig tartott: 16 óra	liverpool monaco; liverpool fc; liverpool; + 1 további
2026-08-10T07:00:00Z	9	osztrák–magyar monarchia	1 E+ keresés	trending_up	Aktív	12 órája	1 E+	arrow_upward	900%	12 órával ezelőtt	trending_up	Aktív	
2026-08-10T07:00:00Z	10	influenszer	200+ keresés	trending_up	Aktív	1 órája	200+	arrow_upward	1 000%	1 órával ezelőtt	trending_up	Aktív	
2026-08-10T07:00:00Z	11	krízis	500+ keresés	trending_up	Aktív	9 órája	500+	arrow_upward	700%	9 órával ezelőtt	trending_up	Aktív	
2026-08-10T07:00:00Z	12	agy	1 E+ keresés	trending_up	Aktív	15 órája	1 E+	arrow_upward	700%	15 órával ezelőtt	trending_up	Aktív	
2026-08-10T07:00:00Z	13	napfogyatkozás 2026	2 E+ keresés	trending_up	Aktív	18 órája	2 E+	arrow_upward	100%	18 órával ezelőtt	trending_up	Aktív	augusztus 10.
2026-08-10T07:00:00Z	14	napfogyatkozás szemüveg	1 E+ keresés	trending_up	Aktív	17 órája	1 E+	arrow_upward	200%	17 órával ezelőtt	trending_up	Aktív	
2026-08-10T07:00:00Z	15	paks	20 E+ keresés	timelapse	Eddig tartott: 23 óra	24 órája	20 E+	arrow_upward	1 000%	24 órával ezelőtt	timelapse	Eddig tartott: 23 óra	paks–honvéd
2026-08-10T07:00:00Z	16	bródy jános	500+ keresés	trending_up	Aktív	10 órája	500+	arrow_upward	600%	10 órával ezelőtt	trending_up	Aktív	
2026-08-10T07:00:00Z	17	ii. margit dán királynő	500+ keresés	trending_up	Aktív	11 órája	500+	arrow_upward	500%	11 órával ezelőtt	trending_up	Aktív	
2026-08-10T07:00:00Z	18	azahriah	500+ keresés	trending_up	Aktív	9 órája	500+	arrow_upward	400%	9 órával ezelőtt	trending_up	Aktív	
2026-08-10T07:00:00Z	19	dvsc–nyíregyháza	5 E+ keresés	timelapse	Eddig tartott: 15 óra	15 órája	5 E+	arrow_upward	1 000%	15 órával ezelőtt	timelapse	Eddig tartott: 15 óra	bódog tamás; dvsc; dvsc nyíregyháza
2026-08-10T07:00:00Z	20	manchester city–atlético madrid	5 E+ keresés	timelapse	Eddig tartott: 17 óra	20 órája	5 E+	arrow_upward	1 000%	20 órával ezelőtt	timelapse	Eddig tartott: 17 óra	man city vs atlético madrid
2026-08-10T07:00:00Z	21	arsenal–dortmund	5 E+ keresés	timelapse	Eddig tartott: 16 óra	18 órája	5 E+	arrow_upward	1 000%	18 órával ezelőtt	timelapse	Eddig tartott: 16 óra	arsenal vs dortmund; arsenal
2026-08-10T07:00:00Z	22	hajó	2 E+ keresés	timelapse	Eddig tartott: 13 óra	14 órája	2 E+	arrow_upward	1 000%	14 órával ezelőtt	timelapse	Eddig tartott: 13 óra	
2026-08-10T07:00:00Z	23	euró	10 E+ keresés	timelapse	Eddig tartott: 9 óra	23 órája	10 E+	arrow_upward	1 000%	23 órával ezelőtt	timelapse	Eddig tartott: 9 óra	
2026-08-10T07:00:00Z	24	autó	5 E+ keresés	timelapse	Eddig tartott: 13 óra	16 órája	5 E+	arrow_upward	900%	16 órával ezelőtt	timelapse	Eddig tartott: 13 óra	
2026-08-10T07:00:00Z	25	időjárás előrejelzés	500+ keresés	timelapse	Eddig tartott: 8 óra	8 órája	500+	arrow_upward	200%	8 órával ezelőtt	timelapse	Eddig tartott: 8 óra	
2026-08-10T07:00:00Z	26	christopher lambert	1 E+ keresés	timelapse	Eddig tartott: 16 óra	17 órája	1 E+	arrow_upward	900%	17 órával ezelőtt	timelapse	Eddig tartott: 16 óra	
2026-08-10T07:00:00Z	27	ló	2 E+ keresés	timelapse	Eddig tartott: 18 óra	21 órája	2 E+	arrow_upward	700%	21 órával ezelőtt	timelapse	Eddig tartott: 18 óra	
2026-08-10T07:00:00Z	28	köpönyeg	1 E+ keresés	timelapse	Eddig tartott: 14 óra	15 órája	1 E+	arrow_upward	200%	15 órával ezelőtt	timelapse	Eddig tartott: 14 óra	
2026-08-10T07:00:00Z	29	menczer tamás	1 E+ keresés	timelapse	Eddig tartott: 16 óra	17 órája	1 E+	arrow_upward	800%	17 órával ezelőtt	timelapse	Eddig tartott: 16 óra	
2026-08-10T07:00:00Z	30	gulácsi péter	500+ keresés	timelapse	Eddig tartott: 12 óra	13 órája	500+	arrow_upward	500%	13 órával ezelőtt	timelapse	Eddig tartott: 12 óra	
2026-08-10T07:00:00Z	31	lázár jános	5 E+ keresés	timelapse	Eddig tartott: 8 óra	23 órája	5 E+	arrow_upward	1 000%	23 órával ezelőtt	timelapse	Eddig tartott: 8 óra	
2026-08-10T07:00:00Z	32	gundel takács gábor	2 E+ keresés	timelapse	Eddig tartott: 10 óra	21 órája	2 E+	arrow_upward	1 000%	21 órával ezelőtt	timelapse	Eddig tartott: 10 óra	
2026-08-10T07:00:00Z	33	lannert judit	2 E+ keresés	timelapse	Eddig tartott: 5 óra	16 órája	2 E+	arrow_upward	800%	16 órával ezelőtt	timelapse	Eddig tartott: 5 óra	
2026-08-10T07:00:00Z	34	forsthoffer ágnes	1 E+ keresés	timelapse	Eddig tartott: 1 óra	3 órája	1 E+	arrow_upward	1 000%	3 órával ezelőtt	timelapse	Eddig tartott: 1 óra	
2026-08-10T07:00:00Z	35	johor fc–chelsea	2 E+ keresés	timelapse	Eddig tartott: 7 óra	19 órája	2 E+	arrow_upward	1 000%	19 órával ezelőtt	timelapse	Eddig tartott: 7 óra	
2026-08-10T07:00:00Z	36	tehervonat	200+ keresés	timelapse	Eddig tartott: 12 óra	13 órája	200+	arrow_upward	400%	13 órával ezelőtt	timelapse	Eddig tartott: 12 óra	
2026-08-10T07:00:00Z	37	autópálya	2 E+ keresés	timelapse	Eddig tartott: 3 óra	20 órája	2 E+	arrow_upward	1 000%	20 órával ezelőtt	timelapse	Eddig tartott: 3 óra	
2026-08-10T07:00:00Z	38	milák kristóf	1 E+ keresés	timelapse	Eddig tartott: 21 óra	23 órája	1 E+	arrow_upward	800%	23 órával ezelőtt	timelapse	Eddig tartott: 21 óra	
2026-08-10T07:00:00Z	39	takács péter	2 E+ keresés	timelapse	Eddig tartott: 2 óra	17 órája	2 E+	arrow_upward	1 000%	17 órával ezelőtt	timelapse	Eddig tartott: 2 óra	
2026-08-10T07:00:00Z	40	spanyolország	500+ keresés	timelapse	Eddig tartott: 12 óra	15 órája	500+	arrow_upward	500%	15 órával ezelőtt	timelapse	Eddig tartott: 12 óra	
2026-08-10T07:00:00Z	41	perez hilton	1 E+ keresés	timelapse	Eddig tartott: 5 óra	23 órája	1 E+	arrow_upward	1 000%	23 órával ezelőtt	timelapse	Eddig tartott: 5 óra	
2026-08-10T07:00:00Z	42	cristiano ronaldo	500+ keresés	timelapse	Eddig tartott: 6 óra	21 órája	500+	arrow_upward	300%	21 órával ezelőtt	timelapse	Eddig tartott: 6 óra	
2026-08-10T07:00:00Z	43	sziget fesztivál	1 E+ keresés	timelapse	Eddig tartott: 1 óra	14 órája	1 E+	arrow_upward	100%	14 órával ezelőtt	timelapse	Eddig tartott: 1 óra	sebestyén benett; sebestyen benett
2026-08-10T07:00:00Z	44	voepass linhas aéreas	500+ keresés	timelapse	Eddig tartott: 2 óra	13 órája	500+	arrow_upward	1 000%	13 órával ezelőtt	timelapse	Eddig tartott: 2 óra	
2026-08-10T07:00:00Z	45	josé mourinho	500+ keresés	timelapse	Eddig tartott: 5 óra	22 órája	500+	arrow_upward	600%	22 órával ezelőtt	timelapse	Eddig tartott: 5 óra	
2026-08-10T07:00:00Z	46	rakéta	500+ keresés	timelapse	Eddig tartott: 4 óra	17 órája	500+	arrow_upward	500%	17 órával ezelőtt	timelapse	Eddig tartott: 4 óra	
2026-08-10T07:00:00Z	47	hatoslottó nyerőszámai	200+ keresés	timelapse	Eddig tartott: 1 óra	3 órája	200+	arrow_upward	100%	3 órával ezelőtt	timelapse	Eddig tartott: 1 óra	hatoslottó
2026-08-10T07:00:00Z	48	nagyatád	500+ keresés	timelapse	Eddig tartott: 5 óra	17 órája	500+	arrow_upward	600%	17 órával ezelőtt	timelapse	Eddig tartott: 5 óra	extrememan nagyatád 2026
2026-08-10T07:00:00Z	49	gta 6	100+ keresés	timelapse	Eddig tartott: 6 óra	9 órája	100+	arrow_upward	200%	9 órával ezelőtt	timelapse	Eddig tartott: 6 óra	
2026-08-10T07:00:00Z	50	tiszadob	500+ keresés	timelapse	Eddig tartott: 2 óra	19 órája	500+	arrow_upward	1 000%	19 órával ezelőtt	timelapse	Eddig tartott: 2 óra	
2026-08-10T07:00:00Z	51	bruce willis	100+ keresés	timelapse	Eddig tartott: 7 óra	11 órája	100+	arrow_upward	200%	11 órával ezelőtt	timelapse	Eddig tartott: 7 óra	
2026-08-10T07:00:00Z	52	whitney houston	100+ keresés	timelapse	Eddig tartott: 1 óra	10 órája	100+	arrow_upward	400%	10 órával ezelőtt	timelapse	Eddig tartott: 1 óra	
2026-08-10T07:00:00Z	53	szabó győző	100+ keresés	timelapse	Eddig tartott: 1 óra	17 órája	100+	arrow_upward	1 000%	17 órával ezelőtt	timelapse	Eddig tartott: 1 óra	
2026-08-10T07:00:00Z	54	motogp	100+ keresés	timelapse	Eddig tartott: 1 óra	18 órája	100+	arrow_upward	300%	18 órával ezelőtt	timelapse	Eddig tartott: 1 óra	
2026-08-10T07:00:00Z	55	demi vollering	100+ keresés	timelapse	Eddig tartott: 10 óra	13 órája	100+	arrow_upward	500%	13 órával ezelőtt	timelapse	Eddig tartott: 10 óra	
2026-08-10T07:00:00Z	56	egyesült államok	100+ keresés	timelapse	Eddig tartott: 30 perc	15 órája	100+	arrow_upward	700%	15 órával ezelőtt	timelapse	Eddig tartott: 30 perc	
2026-08-10T07:00:00Z	57	julia roberts	100+ keresés	timelapse	Eddig tartott: 50 perc	18 órája	100+	arrow_upward	600%	18 órával ezelőtt	timelapse	Eddig tartott: 50 perc	
2026-08-10T07:00:00Z	58	heerenveen–twente	100+ keresés	timelapse	Eddig tartott: 30 perc	15 órája	100+	arrow_upward	700%	15 órával ezelőtt	timelapse	Eddig tartott: 30 perc	
2026-08-10T07:00:00Z	59	kaia gerber	100+ keresés	timelapse	Eddig tartott: 40 perc	20 órája	100+	arrow_upward	900%	20 órával ezelőtt	timelapse	Eddig tartott: 40 perc	
2026-08-10T07:00:00Z	60	andoni iraola	100+ keresés	timelapse	Eddig tartott: 20 perc	22 órája	100+	arrow_upward	1 000%	22 órával ezelőtt	timelapse	Eddig tartott: 20 perc	
2026-08-11T07:00:00Z	1	járvány	10 E+ keresés	trending_up	Aktív	16 órája	10 E+	arrow_upward	1 000%	16 órával ezelőtt	trending_up	Aktív	
2026-08-11T07:00:00Z	2	arató péter	5 E+ keresés	trending_up	Aktív	19 órája	5 E+	arrow_upward	1 000%	19 órával ezelőtt	trending_up	Aktív	
2026-08-11T07:00:00Z	3	országos eső	5 E+ keresés	trending_up	Aktív	11 órája	5 E+	arrow_upward	1 000%	11 órával ezelőtt	trending_up	Aktív	
2026-08-11T07:00:00Z	4	liptay lászló	10 E+ keresés	trending_up	Aktív	22 órája	10 E+	arrow_upward	1 000%	22 órával ezelőtt	trending_up	Aktív	
2026-08-11T07:00:00Z	5	szélsőséges időjárás	10 E+ keresés	trending_up	Aktív	23 órája	10 E+	arrow_upward	1 000%	23 órával ezelőtt	trending_up	Aktív	
2026-08-11T07:00:00Z	6	bujdosó andrea	5 E+ keresés	trending_up	Aktív	11 órája	5 E+	arrow_upward	1 000%	11 órával ezelőtt	trending_up	Aktív	toroczkai lászló
2026-08-11T07:00:00Z	7	fenntarthatóság	2 E+ keresés	trending_up	Aktív	5 órája	2 E+	arrow_upward	1 000%	5 órával ezelőtt	trending_up	Aktív	
2026-08-11T07:00:00Z	8	németország	2 E+ keresés	trending_up	Aktív	12 órája	2 E+	arrow_upward	1 000%	12 órával ezelőtt	trending_up	Aktív	
2026-08-11T07:00:00Z	9	magyar péter	10 E+ keresés	trending_up	Aktív	12 órája	10 E+	arrow_upward	400%	12 órával ezelőtt	trending_up	Aktív	
2026-08-11T07:00:00Z	10	velkey gábor	2 E+ keresés	trending_up	Aktív	18 órája	2 E+	arrow_upward	1 000%	18 órával ezelőtt	trending_up	Aktív	
2026-08-11T07:00:00Z	11	meteorraj	2 E+ keresés	trending_up	Aktív	20 órája	2 E+	arrow_upward	1 000%	20 órával ezelőtt	trending_up	Aktív	napfogyatkozas szemuveg; napfogyatkozas
2026-08-11T07:00:00Z	12	tóth gabi tápiószecső	2 E+ keresés	trending_up	Aktív	15 órája	2 E+	arrow_upward	1 000%	15 órával ezelőtt	trending_up	Aktív	tóth gabi
2026-08-11T07:00:00Z	13	d tóth kriszta	2 E+ keresés	trending_up	Aktív	10 órája	2 E+	arrow_upward	600%	10 órával ezelőtt	trending_up	Aktív	d. tóth kriszta
2026-08-11T07:00:00Z	14	adósság	2 E+ keresés	trending_up	Aktív	23 órája	2 E+	arrow_upward	1 000%	23 órával ezelőtt	trending_up	Aktív	
2026-08-11T07:00:00Z	15	tanács zoltán	1 E+ keresés	trending_up	Aktív	10 órája	1 E+	arrow_upward	900%	10 órával ezelőtt	trending_up	Aktív	
2026-08-11T07:00:00Z	16	palóc andré	1 E+ keresés	trending_up	Aktív	17 órája	1 E+	arrow_upward	900%	17 órával ezelőtt	trending_up	Aktív	
2026-08-11T07:00:00Z	17	bogdán blanka	1 E+ keresés	trending_up	Aktív	14 órája	1 E+	arrow_upward	1 000%	14 órával ezelőtt	trending_up	Aktív	
2026-08-11T07:00:00Z	18	irodalom	1 E+ keresés	trending_up	Aktív	10 órája	1 E+	arrow_upward	1 000%	10 órával ezelőtt	trending_up	Aktív	
2026-08-11T07:00:00Z	19	444.hu	500+ keresés	trending_up	Aktív	4 órája	500+	arrow_upward	200%	4 órával ezelőtt	trending_up	Aktív	hatvanpuszta
2026-08-11T07:00:00Z	20	etna	200+ keresés	trending_up	Aktív	1 órája	200+	arrow_upward	1 000%	1 órával ezelőtt	trending_up	Aktív	
2026-08-11T07:00:00Z	21	ign	200+ keresés	trending_up	Aktív	10 órája	200+	arrow_upward	300%	10 órával ezelőtt	trending_up	Aktív	
2026-08-11T07:00:00Z	22	gyógyszer	10 E+ keresés	timelapse	Eddig tartott: 7 óra	20 órája	10 E+	arrow_upward	1 000%	20 órával ezelőtt	timelapse	Eddig tartott: 7 óra	
2026-08-11T07:00:00Z	23	matolcsy ádám	200+ keresés	trending_up	Aktív	11 órája	200+	arrow_upward	300%	11 órával ezelőtt	trending_up	Aktív	
2026-08-11T07:00:00Z	24	panyi szabolcs	2 E+ keresés	timelapse	Eddig tartott: 20 óra	20 órája	2 E+	arrow_upward	1 000%	20 órával ezelőtt	timelapse	Eddig tartott: 20 óra	
2026-08-11T07:00:00Z	25	kolumbia	1 E+ keresés	timelapse	Eddig tartott: 14 óra	14 órája	1 E+	arrow_upward	1 000%	14 órával ezelőtt	timelapse	Eddig tartott: 14 óra	
2026-08-11T07:00:00Z	26	költségvetés	2 E+ keresés	timelapse	Eddig tartott: 18 óra	20 órája	2 E+	arrow_upward	1 000%	20 órával ezelőtt	timelapse	Eddig tartott: 18 óra	kormány
2026-08-11T07:00:00Z	27	szerb elnök	2 E+ keresés	timelapse	Eddig tartott: 19 óra	21 órája	2 E+	arrow_upward	1 000%	21 órával ezelőtt	timelapse	Eddig tartott: 19 óra	
2026-08-11T07:00:00Z	28	hacker	200+ keresés	timelapse	Eddig tartott: 12 óra	12 órája	200+	arrow_upward	400%	12 órával ezelőtt	timelapse	Eddig tartott: 12 óra	
2026-08-11T07:00:00Z	29	debrecen	2 E+ keresés	timelapse	Eddig tartott: 10 óra	22 órája	2 E+	arrow_upward	800%	22 órával ezelőtt	timelapse	Eddig tartott: 10 óra	
2026-08-11T07:00:00Z	30	anne hathaway	1 E+ keresés	timelapse	Eddig tartott: 18 óra	18 órája	1 E+	arrow_upward	200%	18 órával ezelőtt	timelapse	Eddig tartott: 18 óra	
2026-08-11T07:00:00Z	31	borsod24	100+ keresés	timelapse	Eddig tartott: 1 óra	1 órája	100+	arrow_upward	500%	1 órával ezelőtt	timelapse	Eddig tartott: 1 óra	
2026-08-11T07:00:00Z	32	adó	5 E+ keresés	timelapse	Eddig tartott: 2 óra	19 órája	5 E+	arrow_upward	1 000%	19 órával ezelőtt	timelapse	Eddig tartott: 2 óra	
2026-08-11T07:00:00Z	33	takács boglárka	500+ keresés	timelapse	Eddig tartott: 19 óra	19 órája	500+	arrow_upward	700%	19 órával ezelőtt	timelapse	Eddig tartott: 19 óra	
2026-08-11T07:00:00Z	34	virgil van dijk	1 E+ keresés	timelapse	Eddig tartott: 15 óra	24 órája	1 E+	arrow_upward	1 000%	24 órával ezelőtt	timelapse	Eddig tartott: 15 óra	
2026-08-11T07:00:00Z	35	akkumulátor	1 E+ keresés	timelapse	Eddig tartott: 20 óra	23 órája	1 E+	arrow_upward	1 000%	23 órával ezelőtt	timelapse	Eddig tartott: 20 óra	
2026-08-11T07:00:00Z	36	gázolás	200+ keresés	timelapse	Eddig tartott: 13 óra	14 órája	200+	arrow_upward	400%	14 órával ezelőtt	timelapse	Eddig tartott: 13 óra	
2026-08-11T07:00:00Z	37	hosszú katinka	1 E+ keresés	timelapse	Eddig tartott: 17 óra	19 órája	1 E+	arrow_upward	1 000%	19 órával ezelőtt	timelapse	Eddig tartott: 17 óra	
2026-08-11T07:00:00Z	38	sztrájk	1 E+ keresés	timelapse	Eddig tartott: 11 óra	23 órája	1 E+	arrow_upward	1 000%	23 órával ezelőtt	timelapse	Eddig tartott: 11 óra	
2026-08-11T07:00:00Z	39	új szó	2 E+ keresés	timelapse	Eddig tartott: 4 óra	18 órája	2 E+	arrow_upward	1 000%	18 órával ezelőtt	timelapse	Eddig tartott: 4 óra	
2026-08-11T07:00:00Z	40	bródy dalok napja	1 E+ keresés	timelapse	Eddig tartott: 9 óra	21 órája	1 E+	arrow_upward	400%	21 órával ezelőtt	timelapse	Eddig tartott: 9 óra	koncz zsuzsa; brody janos
2026-08-11T07:00:00Z	41	ferrari	200+ keresés	timelapse	Eddig tartott: 12 óra	13 órája	200+	arrow_upward	300%	13 órával ezelőtt	timelapse	Eddig tartott: 12 óra	
2026-08-11T07:00:00Z	42	szakítás	200+ keresés	timelapse	Eddig tartott: 14 óra	16 órája	200+	arrow_upward	300%	16 órával ezelőtt	timelapse	Eddig tartott: 14 óra	
2026-08-11T07:00:00Z	43	ben affleck	500+ keresés	timelapse	Eddig tartott: 11 óra	18 órája	500+	arrow_upward	600%	18 órával ezelőtt	timelapse	Eddig tartott: 11 óra	
2026-08-11T07:00:00Z	44	szirtes tamás	500+ keresés	timelapse	Eddig tartott: 10 óra	12 órája	500+	arrow_upward	1 000%	12 órával ezelőtt	timelapse	Eddig tartott: 10 óra	
2026-08-11T07:00:00Z	45	horoszkóp	500+ keresés	timelapse	Eddig tartott: 1 óra	3 órája	500+	arrow_upward	50%	3 órával ezelőtt	timelapse	Eddig tartott: 1 óra	
2026-08-11T07:00:00Z	46	200 méteres síkfutás	200+ keresés	timelapse	Eddig tartott: 17 óra	20 órája	200+	arrow_upward	700%	20 órával ezelőtt	timelapse	Eddig tartott: 17 óra	
2026-08-11T07:00:00Z	47	demcsák zsuzsa	200+ keresés	timelapse	Eddig tartott: 13 óra	16 órája	200+	arrow_upward	800%	16 órával ezelőtt	timelapse	Eddig tartott: 13 óra	
2026-08-11T07:00:00Z	48	kukorica	100+ keresés	timelapse	Eddig tartott: 10 óra	11 órája	100+	arrow_upward	200%	11 órával ezelőtt	timelapse	Eddig tartott: 10 óra	
2026-08-11T07:00:00Z	49	mobile	200+ keresés	timelapse	Eddig tartott: 4 óra	18 órája	200+	arrow_upward	500%	18 órával ezelőtt	timelapse	Eddig tartott: 4 óra	
2026-08-11T07:00:00Z	50	azahriah édesanyja	200+ keresés	timelapse	Eddig tartott: 5 óra	18 órája	200+	arrow_upward	400%	18 órával ezelőtt	timelapse	Eddig tartott: 5 óra	
2026-08-11T07:00:00Z	51	xantus barbara	200+ keresés	timelapse	Eddig tartott: 4 óra	18 órája	200+	arrow_upward	1 000%	18 órával ezelőtt	timelapse	Eddig tartott: 4 óra	
2026-08-11T07:00:00Z	52	wetter morgen	200+ keresés	timelapse	Eddig tartott: 1 óra	11 órája	200+	arrow_upward	75%	11 órával ezelőtt	timelapse	Eddig tartott: 1 óra	
2026-08-11T07:00:00Z	53	újságíró	200+ keresés	timelapse	Eddig tartott: 5 óra	20 órája	200+	arrow_upward	1 000%	20 órával ezelőtt	timelapse	Eddig tartott: 5 óra	
2026-08-11T07:00:00Z	54	quake 4	100+ keresés	timelapse	Eddig tartott: 4 óra	16 órája	100+	arrow_upward	200%	16 órával ezelőtt	timelapse	Eddig tartott: 4 óra	
2026-08-11T07:00:00Z	55	úszó-európa-bajnokság	100+ keresés	timelapse	Eddig tartott: 1 óra	10 órája	100+	arrow_upward	400%	10 órával ezelőtt	timelapse	Eddig tartott: 1 óra	úszó eb 2026
2026-08-11T07:00:00Z	56	villamos	100+ keresés	timelapse	Eddig tartott: 1 óra	19 órája	100+	arrow_upward	1 000%	19 órával ezelőtt	timelapse	Eddig tartott: 1 óra	
2026-08-12T07:00:00Z	1	hír	20 E+ keresés	trending_up	Aktív	12 órája	20 E+	arrow_upward	1 000%	12 órával ezelőtt	trending_up	Aktív	nyugdíj
2026-08-12T07:00:00Z	2	szolnok	2 E+ keresés	trending_up	Aktív	14 órája	2 E+	arrow_upward	1 000%	14 órával ezelőtt	trending_up	Aktív	
2026-08-12T07:00:00Z	3	jövő	2 E+ keresés	trending_up	Aktív	12 órája	2 E+	arrow_upward	1 000%	12 órával ezelőtt	trending_up	Aktív	
2026-08-12T07:00:00Z	4	napfogyatkozás	5 E+ keresés	trending_up	Aktív	15 órája	5 E+	arrow_upward	100%	15 órával ezelőtt	trending_up	Aktív	részleges napfogyatkozás magyarországon; + 4 további
2026-08-12T07:00:00Z	5	opus titász zrt	5 E+ keresés	trending_up	Aktív	16 órája	5 E+	arrow_upward	1 000%	16 órával ezelőtt	trending_up	Aktív	opus global; + 1 további
2026-08-12T07:00:00Z	6	szerencse	2 E+ keresés	trending_up	Aktív	16 órája	2 E+	arrow_upward	1 000%	16 órával ezelőtt	trending_up	Aktív	
2026-08-12T07:00:00Z	7	hack péter	500+ keresés	trending_up	Aktív	1 órája	500+	arrow_upward	1 000%	1 órával ezelőtt	trending_up	Aktív	
2026-08-12T07:00:00Z	8	hernádi judit	1 E+ keresés	trending_up	Aktív	12 órája	1 E+	arrow_upward	1 000%	12 órával ezelőtt	trending_up	Aktív	
2026-08-12T07:00:00Z	9	robbie keane	1 E+ keresés	trending_up	Aktív	10 órája	1 E+	arrow_upward	1 000%	10 órával ezelőtt	trending_up	Aktív	
2026-08-12T07:00:00Z	10	a3-as autópálya	1 E+ keresés	trending_up	Aktív	11 órája	1 E+	arrow_upward	1 000%	11 órával ezelőtt	trending_up	Aktív	
2026-08-12T07:00:00Z	11	szerencsejáték	500+ keresés	trending_up	Aktív	1 órája	500+	arrow_upward	400%	1 órával ezelőtt	trending_up	Aktív	
2026-08-12T07:00:00Z	12	baka andrás 1956	5 E+ keresés	trending_up	Aktív	17 órája	5 E+	arrow_upward	400%	17 órával ezelőtt	trending_up	Aktív	magyarország köztársasági elnöke; dr baka andrás; + 6 további
2026-08-12T07:00:00Z	13	pécsi tudományegyetem	1 E+ keresés	trending_up	Aktív	12 órája	1 E+	arrow_upward	700%	12 órával ezelőtt	trending_up	Aktív	
2026-08-12T07:00:00Z	14	cristiano ronaldo	500+ keresés	trending_up	Aktív	9 órája	500+	arrow_upward	900%	9 órával ezelőtt	trending_up	Aktív	
2026-08-12T07:00:00Z	15	szülői hang közösség	1 E+ keresés	trending_up	Aktív	15 órája	1 E+	arrow_upward	1 000%	15 órával ezelőtt	trending_up	Aktív	
2026-08-12T07:00:00Z	16	belügyminisztérium	200+ keresés	trending_up	Aktív	2 órája	200+	arrow_upward	1 000%	2 órával ezelőtt	trending_up	Aktív	
2026-08-12T07:00:00Z	17	kecskeméti rendőrkapitányság	200+ keresés	trending_up	Aktív	2 órája	200+	arrow_upward	800%	2 órával ezelőtt	trending_up	Aktív	
2026-08-12T07:00:00Z	18	európai unió	500+ keresés	trending_up	Aktív	11 órája	500+	arrow_upward	600%	11 órával ezelőtt	trending_up	Aktív	
2026-08-12T07:00:00Z	19	augusztus 20.	500+ keresés	trending_up	Aktív	5 órája	500+	arrow_upward	400%	5 órával ezelőtt	trending_up	Aktív	tűzijáték
2026-08-12T07:00:00Z	20	halász bence	1 E+ keresés	trending_up	Aktív	12 órája	1 E+	arrow_upward	1 000%	12 órával ezelőtt	trending_up	Aktív	
2026-08-12T07:00:00Z	21	kós hubert	500+ keresés	trending_up	Aktív	13 órája	500+	arrow_upward	400%	13 órával ezelőtt	trending_up	Aktív	
2026-08-12T07:00:00Z	22	trump	100+ keresés	trending_up	Aktív	50 perce	100+	arrow_upward	800%	50 perccel ezelőtt	trending_up	Aktív	
2026-08-12T07:00:00Z	23	benzin	10 E+ keresés	timelapse	Eddig tartott: 5 óra	19 órája	10 E+	arrow_upward	400%	19 órával ezelőtt	timelapse	Eddig tartott: 5 óra	
2026-08-12T07:00:00Z	24	varga lőrinc mihály	2 E+ keresés	timelapse	Eddig tartott: 17 óra	20 órája	2 E+	arrow_upward	1 000%	20 órával ezelőtt	timelapse	Eddig tartott: 17 óra	
2026-08-12T07:00:00Z	25	györgyi anna	1 E+ keresés	timelapse	Eddig tartott: 17 óra	17 órája	1 E+	arrow_upward	1 000%	17 órával ezelőtt	timelapse	Eddig tartott: 17 óra	
2026-08-12T07:00:00Z	26	miniszterelnök	2 E+ keresés	timelapse	Eddig tartott: 9 óra	17 órája	2 E+	arrow_upward	1 000%	17 órával ezelőtt	timelapse	Eddig tartott: 9 óra	miniszterelnökség; orbán viktor; telex hu
2026-08-12T07:00:00Z	27	minimálbér	1 E+ keresés	timelapse	Eddig tartott: 19 óra	21 órája	1 E+	arrow_upward	400%	21 órával ezelőtt	timelapse	Eddig tartott: 19 óra	
2026-08-12T07:00:00Z	28	most wanted	100+ keresés	trending_up	Aktív	1 órája	100+	arrow_upward	300%	1 órával ezelőtt	trending_up	Aktív	
2026-08-12T07:00:00Z	29	győri audi eto kc	1 E+ keresés	timelapse	Eddig tartott: 14 óra	17 órája	1 E+	arrow_upward	1 000%	17 órával ezelőtt	timelapse	Eddig tartott: 14 óra	
2026-08-12T07:00:00Z	30	geely e2	100+ keresés	trending_up	Aktív	9 órája	100+	arrow_upward	200%	9 órával ezelőtt	trending_up	Aktív	
2026-08-12T07:00:00Z	31	yan diomandé	100+ keresés	timelapse	Eddig tartott: 2 óra	2 órája	100+	arrow_upward	400%	2 órával ezelőtt	timelapse	Eddig tartott: 2 óra	
2026-08-12T07:00:00Z	32	palermo–juventus	2 E+ keresés	timelapse	Eddig tartott: 7 óra	21 órája	2 E+	arrow_upward	1 000%	21 órával ezelőtt	timelapse	Eddig tartott: 7 óra	
2026-08-12T07:00:00Z	33	aszály	500+ keresés	timelapse	Eddig tartott: 11 óra	13 órája	500+	arrow_upward	1 000%	13 órával ezelőtt	timelapse	Eddig tartott: 11 óra	
2026-08-12T07:00:00Z	34	homonnay zsolt	1 E+ keresés	timelapse	Eddig tartott: 8 óra	23 órája	1 E+	arrow_upward	1 000%	23 órával ezelőtt	timelapse	Eddig tartott: 8 óra	
2026-08-12T07:00:00Z	35	cska 1948–panathinaikos	500+ keresés	timelapse	Eddig tartott: 11 óra	13 órája	500+	arrow_upward	700%	13 órával ezelőtt	timelapse	Eddig tartott: 11 óra	
2026-08-12T07:00:00Z	36	xantus barbara	1 E+ keresés	timelapse	Eddig tartott: 8 óra	20 órája	1 E+	arrow_upward	500%	20 órával ezelőtt	timelapse	Eddig tartott: 8 óra	
2026-08-12T07:00:00Z	37	vényköteles gyógyszer	500+ keresés	timelapse	Eddig tartott: 14 óra	16 órája	500+	arrow_upward	700%	16 órával ezelőtt	timelapse	Eddig tartott: 14 óra	
2026-08-12T07:00:00Z	38	nagy gábor bálint	2 E+ keresés	timelapse	Eddig tartott: 3 óra	21 órája	2 E+	arrow_upward	1 000%	21 órával ezelőtt	timelapse	Eddig tartott: 3 óra	legfőbb ügyész
2026-08-12T07:00:00Z	39	csillaghullás 2026	500+ keresés	timelapse	Eddig tartott: 11 óra	13 órája	500+	arrow_upward	100%	13 órával ezelőtt	timelapse	Eddig tartott: 11 óra	csillaghullás
2026-08-12T07:00:00Z	40	tó	500+ keresés	timelapse	Eddig tartott: 5 óra	17 órája	500+	arrow_upward	1 000%	17 órával ezelőtt	timelapse	Eddig tartott: 5 óra	
2026-08-12T07:00:00Z	41	alexis mac allister	500+ keresés	timelapse	Eddig tartott: 14 óra	17 órája	500+	arrow_upward	1 000%	17 órával ezelőtt	timelapse	Eddig tartott: 14 óra	
2026-08-12T07:00:00Z	42	dúró dóra	500+ keresés	timelapse	Eddig tartott: 14 óra	16 órája	500+	arrow_upward	600%	16 órával ezelőtt	timelapse	Eddig tartott: 14 óra	szinetár dóra
2026-08-12T07:00:00Z	43	skribek alen	500+ keresés	timelapse	Eddig tartott: 13 óra	16 órája	500+	arrow_upward	800%	16 órával ezelőtt	timelapse	Eddig tartott: 13 óra	
2026-08-12T07:00:00Z	44	georgina rodríguez	100+ keresés	timelapse	Eddig tartott: 30 perc	1 órája	100+	arrow_upward	400%	1 órával ezelőtt	timelapse	Eddig tartott: 30 perc	instagram
2026-08-12T07:00:00Z	45	tóth andi	200+ keresés	timelapse	Eddig tartott: 8 óra	9 órája	200+	arrow_upward	200%	9 órával ezelőtt	timelapse	Eddig tartott: 8 óra	
2026-08-12T07:00:00Z	46	augusztus 12	100+ keresés	timelapse	Eddig tartott: 40 perc	1 órája	100+	arrow_upward	400%	1 órával ezelőtt	timelapse	Eddig tartott: 40 perc	
2026-08-12T07:00:00Z	47	triglav	500+ keresés	timelapse	Eddig tartott: 6 óra	16 órája	500+	arrow_upward	600%	16 órával ezelőtt	timelapse	Eddig tartott: 6 óra	
2026-08-12T07:00:00Z	48	sturm–fenerbahce	200+ keresés	timelapse	Eddig tartott: 10 óra	12 órája	200+	arrow_upward	900%	12 órával ezelőtt	timelapse	Eddig tartott: 10 óra	
2026-08-12T07:00:00Z	49	alsó tagozat	200+ keresés	timelapse	Eddig tartott: 17 óra	20 órája	200+	arrow_upward	700%	20 órával ezelőtt	timelapse	Eddig tartott: 17 óra	
2026-08-12T07:00:00Z	50	termőföld	500+ keresés	timelapse	Eddig tartott: 2 óra	14 órája	500+	arrow_upward	1 000%	14 órával ezelőtt	timelapse	Eddig tartott: 2 óra	
2026-08-12T07:00:00Z	51	baka andras	500+ keresés	timelapse	Eddig tartott: 3 óra	17 órája	500+	arrow_upward	800%	17 órával ezelőtt	timelapse	Eddig tartott: 3 óra	
2026-08-12T07:00:00Z	52	liverpool fc	100+ keresés	timelapse	Eddig tartott: 50 perc	3 órája	100+	arrow_upward	100%	3 órával ezelőtt	timelapse	Eddig tartott: 50 perc	
2026-08-12T07:00:00Z	53	kincsvadászok	200+ keresés	timelapse	Eddig tartott: 7 óra	22 órája	200+	arrow_upward	500%	22 órával ezelőtt	timelapse	Eddig tartott: 7 óra	
2026-08-12T07:00:00Z	54	bali	200+ keresés	timelapse	Eddig tartott: 1 óra	13 órája	200+	arrow_upward	1 000%	13 órával ezelőtt	timelapse	Eddig tartott: 1 óra	
2026-08-12T07:00:00Z	55	brad pitt	100+ keresés	timelapse	Eddig tartott: 13 óra	16 órája	100+	arrow_upward	300%	16 órával ezelőtt	timelapse	Eddig tartott: 13 óra	
2026-08-12T07:00:00Z	56	wetter morgen	500+ keresés	timelapse	Eddig tartott: 1 óra	12 órája	500+	arrow_upward	75%	12 órával ezelőtt	timelapse	Eddig tartott: 1 óra	
2026-08-12T07:00:00Z	57	parlamenti közvetítés	500+ keresés	timelapse	Eddig tartott: 1 óra	19 órája	500+	arrow_upward	300%	19 órával ezelőtt	timelapse	Eddig tartott: 1 óra	országgyűlés élő
2026-08-12T07:00:00Z	58	forsthoffer ágnes	1 E+ keresés	timelapse	Eddig tartott: 40 perc	15 órája	1 E+	arrow_upward	1 000%	15 órával ezelőtt	timelapse	Eddig tartott: 40 perc	
2026-08-12T07:00:00Z	59	televízió	200+ keresés	timelapse	Eddig tartott: 13 óra	15 órája	200+	arrow_upward	800%	15 órával ezelőtt	timelapse	Eddig tartott: 13 óra	
2026-08-12T07:00:00Z	60	influenszer	500+ keresés	timelapse	Eddig tartott: 4 óra	20 órája	500+	arrow_upward	600%	20 órával ezelőtt	timelapse	Eddig tartott: 4 óra	
2026-08-12T07:00:00Z	61	atlético de madrid	200+ keresés	timelapse	Eddig tartott: 2 óra	14 órája	200+	arrow_upward	900%	14 órával ezelőtt	timelapse	Eddig tartott: 2 óra	
2026-08-12T07:00:00Z	62	burj khalifa	200+ keresés	timelapse	Eddig tartott: 1 óra	12 órája	200+	arrow_upward	1 000%	12 órával ezelőtt	timelapse	Eddig tartott: 1 óra	
2026-08-12T07:00:00Z	63	államkincstár kibertámadás	200+ keresés	timelapse	Eddig tartott: 5 óra	17 órája	200+	arrow_upward	700%	17 órával ezelőtt	timelapse	Eddig tartott: 5 óra	
2026-08-12T07:00:00Z	64	film	100+ keresés	timelapse	Eddig tartott: 10 óra	13 órája	100+	arrow_upward	300%	13 órával ezelőtt	timelapse	Eddig tartott: 10 óra	
2026-08-12T07:00:00Z	65	monaco	100+ keresés	timelapse	Eddig tartott: 1 óra	12 órája	100+	arrow_upward	800%	12 órával ezelőtt	timelapse	Eddig tartott: 1 óra	
2026-08-12T07:00:00Z	66	jackl vivien	100+ keresés	timelapse	Eddig tartott: 1 óra	13 órája	100+	arrow_upward	1 000%	13 órával ezelőtt	timelapse	Eddig tartott: 1 óra	
2026-08-12T07:00:00Z	67	sólyom lászló	100+ keresés	timelapse	Eddig tartott: 9 óra	14 órája	100+	arrow_upward	200%	14 órával ezelőtt	timelapse	Eddig tartott: 9 óra	
2026-08-12T07:00:00Z	68	demcsák zsuzsa	100+ keresés	timelapse	Eddig tartott: 50 perc	12 órája	100+	arrow_upward	700%	12 órával ezelőtt	timelapse	Eddig tartott: 50 perc	
2026-08-12T07:00:00Z	69	parlament élő	100+ keresés	timelapse	Eddig tartott: 1 óra	18 órája	100+	arrow_upward	400%	18 órával ezelőtt	timelapse	Eddig tartott: 1 óra	
2026-08-12T07:00:00Z	70	takács boglárka atlétika	100+ keresés	timelapse	Eddig tartott: 8 óra	23 órája	100+	arrow_upward	500%	23 órával ezelőtt	timelapse	Eddig tartott: 8 óra	
2026-08-12T07:00:00Z	71	etna kitörés	100+ keresés	timelapse	Eddig tartott: 50 perc	23 órája	100+	arrow_upward	1 000%	23 órával ezelőtt	timelapse	Eddig tartott: 50 perc	
2026-08-13T07:00:00Z	1	augusztus 20	20 E+ keresés	trending_up	Aktív	23 órája	20 E+	arrow_upward	1 000%	23 órával ezelőtt	trending_up	Aktív	
2026-08-13T07:00:00Z	2	matolcsy györgy	10 E+ keresés	trending_up	Aktív	23 órája	10 E+	arrow_upward	1 000%	23 órával ezelőtt	trending_up	Aktív	
2026-08-13T07:00:00Z	3	deportivo–real madrid	10 E+ keresés	trending_up	Aktív	12 órája	10 E+	arrow_upward	1 000%	12 órával ezelőtt	trending_up	Aktív	deportivo vs real madrid
2026-08-13T07:00:00Z	4	psg–aston villa	5 E+ keresés	trending_up	Aktív	12 órája	5 E+	arrow_upward	1 000%	12 órával ezelőtt	trending_up	Aktív	psg aston villa; psg vs aston villa
2026-08-13T07:00:00Z	5	állat	5 E+ keresés	trending_up	Aktív	22 órája	5 E+	arrow_upward	1 000%	22 órával ezelőtt	trending_up	Aktív	
2026-08-13T07:00:00Z	6	románia	2 E+ keresés	trending_up	Aktív	4 órája	2 E+	arrow_upward	1 000%	4 órával ezelőtt	trending_up	Aktív	
2026-08-13T07:00:00Z	7	man utd–leeds	5 E+ keresés	trending_up	Aktív	13 órája	5 E+	arrow_upward	1 000%	13 órával ezelőtt	trending_up	Aktív	man united vs leeds
2026-08-13T07:00:00Z	8	köbenhavn–dvsc	5 E+ keresés	trending_up	Aktív	15 órája	5 E+	arrow_upward	1 000%	15 órával ezelőtt	trending_up	Aktív	dvsc
2026-08-13T07:00:00Z	9	ország tortája 2026	2 E+ keresés	trending_up	Aktív	21 órája	2 E+	arrow_upward	1 000%	21 órával ezelőtt	trending_up	Aktív	az ország tortája
2026-08-13T07:00:00Z	10	bruce willis	2 E+ keresés	trending_up	Aktív	23 órája	2 E+	arrow_upward	800%	23 órával ezelőtt	trending_up	Aktív	
2026-08-13T07:00:00Z	11	teljes napfogyatkozás magyarországon	20 E+ keresés	trending_up	Aktív	20 órája	20 E+	arrow_upward	600%	20 órával ezelőtt	trending_up	Aktív	napfogyatkozás 2027; csillaghullás; + 53 további
2026-08-13T07:00:00Z	12	bús balázs	2 E+ keresés	trending_up	Aktív	16 órája	2 E+	arrow_upward	1 000%	16 órával ezelőtt	trending_up	Aktív	
2026-08-13T07:00:00Z	13	tóth vera	2 E+ keresés	trending_up	Aktív	17 órája	2 E+	arrow_upward	1 000%	17 órával ezelőtt	trending_up	Aktív	
2026-08-13T07:00:00Z	14	arsenal–como	2 E+ keresés	trending_up	Aktív	13 órája	2 E+	arrow_upward	1 000%	13 órával ezelőtt	trending_up	Aktív	
2026-08-13T07:00:00Z	15	fenékküszöb	2 E+ keresés	trending_up	Aktív	18 órája	2 E+	arrow_upward	1 000%	18 órával ezelőtt	trending_up	Aktív	kormány; bárka
2026-08-13T07:00:00Z	16	psg	2 E+ keresés	trending_up	Aktív	13 órája	2 E+	arrow_upward	900%	13 órával ezelőtt	trending_up	Aktív	
2026-08-13T07:00:00Z	17	dunaújváros fc	2 E+ keresés	trending_up	Aktív	19 órája	2 E+	arrow_upward	1 000%	19 órával ezelőtt	trending_up	Aktív	
2026-08-13T07:00:00Z	18	tisza	2 E+ keresés	trending_up	Aktív	13 órája	2 E+	arrow_upward	900%	13 órával ezelőtt	trending_up	Aktív	párt; mi hazánk támogatottsága
2026-08-13T07:00:00Z	19	karoline leavitt	500+ keresés	trending_up	Aktív	8 órája	500+	arrow_upward	700%	8 órával ezelőtt	trending_up	Aktív	
2026-08-13T07:00:00Z	20	toroczkai lászló	1 E+ keresés	trending_up	Aktív	15 órája	1 E+	arrow_upward	1 000%	15 órával ezelőtt	trending_up	Aktív	
2026-08-13T07:00:00Z	21	meghan sussexi hercegné	500+ keresés	trending_up	Aktív	10 órája	500+	arrow_upward	600%	10 órával ezelőtt	trending_up	Aktív	
2026-08-13T07:00:00Z	22	jakupcsek gabriella	200+ keresés	trending_up	Aktív	40 perce	200+	arrow_upward	1 000%	40 perccel ezelőtt	trending_up	Aktív	
2026-08-13T07:00:00Z	23	siófok	1 E+ keresés	trending_up	Aktív	20 órája	1 E+	arrow_upward	800%	20 órával ezelőtt	trending_up	Aktív	
2026-08-13T07:00:00Z	24	8-as főút	2 E+ keresés	trending_up	Aktív	14 órája	2 E+	arrow_upward	1 000%	14 órával ezelőtt	trending_up	Aktív	veol; öskü tűz; hajmáskér tűz; + 2 további
2026-08-13T07:00:00Z	25	perseidák 2026	10 E+ keresés	timelapse	Eddig tartott: 10 óra	13 órája	10 E+	arrow_upward	600%	13 órával ezelőtt	timelapse	Eddig tartott: 10 óra	perseidák; hullocsillag 2026; hullócsillag; + 12 további
2026-08-13T07:00:00Z	26	gázolaj	2 E+ keresés	timelapse	Eddig tartott: 3 óra	4 órája	2 E+	arrow_upward	500%	4 órával ezelőtt	timelapse	Eddig tartott: 3 óra	
2026-08-13T07:00:00Z	27	roger federer	100+ keresés	trending_up	Aktív	1 órája	100+	arrow_upward	800%	1 órával ezelőtt	trending_up	Aktív	
2026-08-13T07:00:00Z	28	munkaszüneti nap	200+ keresés	trending_up	Aktív	2 órája	200+	arrow_upward	600%	2 órával ezelőtt	trending_up	Aktív	
2026-08-13T07:00:00Z	29	takács boglárka	200+ keresés	trending_up	Aktív	11 órája	200+	arrow_upward	400%	11 órával ezelőtt	trending_up	Aktív	
2026-08-13T07:00:00Z	30	gruber zsombor	200+ keresés	trending_up	Aktív	3 órája	200+	arrow_upward	500%	3 órával ezelőtt	trending_up	Aktív	
2026-08-13T07:00:00Z	31	legfőbb ügyész	2 E+ keresés	timelapse	Eddig tartott: 14 óra	14 órája	2 E+	arrow_upward	1 000%	14 órával ezelőtt	timelapse	Eddig tartott: 14 óra	
2026-08-13T07:00:00Z	32	kijev	100+ keresés	trending_up	Aktív	2 órája	100+	arrow_upward	300%	2 órával ezelőtt	trending_up	Aktív	
2026-08-13T07:00:00Z	33	varga barnabás	1 E+ keresés	trending_up	Aktív	2 órája	1 E+	arrow_upward	600%	2 órával ezelőtt	trending_up	Aktív	aék
2026-08-13T07:00:00Z	34	rtl	2 E+ keresés	timelapse	Eddig tartott: 13 óra	13 órája	2 E+	arrow_upward	800%	13 órával ezelőtt	timelapse	Eddig tartott: 13 óra	
2026-08-13T07:00:00Z	35	botrány	1 E+ keresés	timelapse	Eddig tartott: 9 óra	10 órája	1 E+	arrow_upward	1 000%	10 órával ezelőtt	timelapse	Eddig tartott: 9 óra	
2026-08-13T07:00:00Z	36	gyermek	5 E+ keresés	timelapse	Eddig tartott: 16 óra	18 órája	5 E+	arrow_upward	1 000%	18 órával ezelőtt	timelapse	Eddig tartott: 16 óra	
2026-08-13T07:00:00Z	37	444	1 E+ keresés	timelapse	Eddig tartott: 3 óra	4 órája	1 E+	arrow_upward	100%	4 órával ezelőtt	timelapse	Eddig tartott: 3 óra	
2026-08-13T07:00:00Z	38	sebestyén júlia	2 E+ keresés	timelapse	Eddig tartott: 19 óra	19 órája	2 E+	arrow_upward	1 000%	19 órával ezelőtt	timelapse	Eddig tartott: 19 óra	gór sebestyén júlia; gór-sebestyén júlia
2026-08-13T07:00:00Z	39	üldözés	2 E+ keresés	timelapse	Eddig tartott: 17 óra	19 órája	2 E+	arrow_upward	1 000%	19 órával ezelőtt	timelapse	Eddig tartott: 17 óra	
2026-08-13T07:00:00Z	40	nottingham forest–leverkusen	1 E+ keresés	timelapse	Eddig tartott: 12 óra	12 órája	1 E+	arrow_upward	1 000%	12 órával ezelőtt	timelapse	Eddig tartott: 12 óra	
2026-08-13T07:00:00Z	41	nyíregyháza spartacus fc	200+ keresés	trending_up	Aktív	10 órája	200+	arrow_upward	300%	10 órával ezelőtt	trending_up	Aktív	
2026-08-13T07:00:00Z	42	szuperkupa	2 E+ keresés	timelapse	Eddig tartott: 11 óra	12 órája	2 E+	arrow_upward	400%	12 órával ezelőtt	timelapse	Eddig tartott: 11 óra	fókusz; rtl plusz; uefa szuperkupa; + 1 további
2026-08-13T07:00:00Z	43	szélenergia	1 E+ keresés	timelapse	Eddig tartott: 12 óra	13 órája	1 E+	arrow_upward	1 000%	13 órával ezelőtt	timelapse	Eddig tartott: 12 óra	
2026-08-13T07:00:00Z	44	ks górnik zabrze	200+ keresés	timelapse	Eddig tartott: 8 óra	8 órája	200+	arrow_upward	500%	8 órával ezelőtt	timelapse	Eddig tartott: 8 óra	
2026-08-13T07:00:00Z	45	etna	200+ keresés	timelapse	Eddig tartott: 50 perc	1 órája	200+	arrow_upward	100%	1 órával ezelőtt	timelapse	Eddig tartott: 50 perc	
2026-08-13T07:00:00Z	46	solar eclipse 2026	2 E+ keresés	timelapse	Eddig tartott: 10 óra	17 órája	2 E+	arrow_upward	500%	17 órával ezelőtt	timelapse	Eddig tartott: 10 óra	solar eclipse; eclipse; eclipse 2026; + 1 további
2026-08-13T07:00:00Z	47	németország	500+ keresés	timelapse	Eddig tartott: 2 óra	4 órája	500+	arrow_upward	200%	4 órával ezelőtt	timelapse	Eddig tartott: 2 óra	
2026-08-13T07:00:00Z	48	úszó eb 2026	1 E+ keresés	timelapse	Eddig tartott: 16 óra	19 órája	1 E+	arrow_upward	600%	19 órával ezelőtt	timelapse	Eddig tartott: 16 óra	jackl vivien
2026-08-13T07:00:00Z	49	telex.hu	1 E+ keresés	timelapse	Eddig tartott: 13 óra	16 órája	1 E+	arrow_upward	900%	16 órával ezelőtt	timelapse	Eddig tartott: 13 óra	
2026-08-13T07:00:00Z	50	ferencvárosi tc	2 E+ keresés	timelapse	Eddig tartott: 12 óra	14 órája	2 E+	arrow_upward	200%	14 órával ezelőtt	timelapse	Eddig tartott: 12 óra	
2026-08-13T07:00:00Z	51	everton–newcastle	2 E+ keresés	timelapse	Eddig tartott: 4 óra	15 órája	2 E+	arrow_upward	1 000%	15 órával ezelőtt	timelapse	Eddig tartott: 4 óra	
2026-08-13T07:00:00Z	52	kadarkai endre	1 E+ keresés	timelapse	Eddig tartott: 14 óra	17 órája	1 E+	arrow_upward	700%	17 órával ezelőtt	timelapse	Eddig tartott: 14 óra	
2026-08-13T07:00:00Z	53	személyvonat	1 E+ keresés	timelapse	Eddig tartott: 5 óra	16 órája	1 E+	arrow_upward	1 000%	16 órával ezelőtt	timelapse	Eddig tartott: 5 óra	
2026-08-13T07:00:00Z	54	középpályás	500+ keresés	timelapse	Eddig tartott: 12 óra	15 órája	500+	arrow_upward	1 000%	15 órával ezelőtt	timelapse	Eddig tartott: 12 óra	
2026-08-13T07:00:00Z	55	aston villa	1 E+ keresés	timelapse	Eddig tartott: 8 óra	12 órája	1 E+	arrow_upward	1 000%	12 órával ezelőtt	timelapse	Eddig tartott: 8 óra	brian madjo; madjo
2026-08-13T07:00:00Z	56	lefoglalás	200+ keresés	timelapse	Eddig tartott: 12 óra	12 órája	200+	arrow_upward	500%	12 órával ezelőtt	timelapse	Eddig tartott: 12 óra	
2026-08-13T07:00:00Z	57	rtl+	1 E+ keresés	timelapse	Eddig tartott: 5 óra	15 órája	1 E+	arrow_upward	200%	15 órával ezelőtt	timelapse	Eddig tartott: 5 óra	
2026-08-13T07:00:00Z	58	mentő	1 E+ keresés	timelapse	Eddig tartott: 4 óra	16 órája	1 E+	arrow_upward	1 000%	16 órával ezelőtt	timelapse	Eddig tartott: 4 óra	
2026-08-13T07:00:00Z	59	demi moore	1 E+ keresés	timelapse	Eddig tartott: 5 óra	18 órája	1 E+	arrow_upward	1 000%	18 órával ezelőtt	timelapse	Eddig tartott: 5 óra	
2026-08-13T07:00:00Z	60	florian wirtz	1 E+ keresés	timelapse	Eddig tartott: 8 óra	22 órája	1 E+	arrow_upward	1 000%	22 órával ezelőtt	timelapse	Eddig tartott: 8 óra	
2026-08-13T07:00:00Z	61	polgármester	500+ keresés	timelapse	Eddig tartott: 9 óra	21 órája	500+	arrow_upward	1 000%	21 órával ezelőtt	timelapse	Eddig tartott: 9 óra	
2026-08-13T07:00:00Z	62	mezőgazdaság	100+ keresés	timelapse	Eddig tartott: 1 óra	3 órája	100+	arrow_upward	400%	3 órával ezelőtt	timelapse	Eddig tartott: 1 óra	
2026-08-13T07:00:00Z	63	horoszkóp	200+ keresés	timelapse	Eddig tartott: 1 óra	3 órája	200+	arrow_upward	50%	3 órával ezelőtt	timelapse	Eddig tartott: 1 óra	
2026-08-13T07:00:00Z	64	építőipar	500+ keresés	timelapse	Eddig tartott: 5 óra	19 órája	500+	arrow_upward	300%	19 órával ezelőtt	timelapse	Eddig tartott: 5 óra	
2026-08-13T07:00:00Z	65	index	2 E+ keresés	timelapse	Eddig tartott: 1 óra	12 órája	2 E+	arrow_upward	75%	12 órával ezelőtt	timelapse	Eddig tartott: 1 óra	
2026-08-13T07:00:00Z	66	magyar államkincstár	500+ keresés	timelapse	Eddig tartott: 2 óra	15 órája	500+	arrow_upward	400%	15 órával ezelőtt	timelapse	Eddig tartott: 2 óra	
2026-08-13T07:00:00Z	67	rtl műsor	500+ keresés	timelapse	Eddig tartott: 4 óra	15 órája	500+	arrow_upward	500%	15 órával ezelőtt	timelapse	Eddig tartott: 4 óra	rtl most wanted; most wanted 2026 szereplők; + 1 további
2026-08-13T07:00:00Z	68	szöllősi györgy	200+ keresés	timelapse	Eddig tartott: 14 óra	15 órája	200+	arrow_upward	600%	15 órával ezelőtt	timelapse	Eddig tartott: 14 óra	
2026-08-13T07:00:00Z	69	alkotmány	200+ keresés	timelapse	Eddig tartott: 3 óra	17 órája	200+	arrow_upward	800%	17 órával ezelőtt	timelapse	Eddig tartott: 3 óra	
2026-08-13T07:00:00Z	70	jenna ortega	200+ keresés	timelapse	Eddig tartott: 10 óra	16 órája	200+	arrow_upward	200%	16 órával ezelőtt	timelapse	Eddig tartott: 10 óra	
2026-08-13T07:00:00Z	71	lucy davis	100+ keresés	timelapse	Eddig tartott: 14 óra	15 órája	100+	arrow_upward	300%	15 órával ezelőtt	timelapse	Eddig tartott: 14 óra	
2026-08-13T07:00:00Z	72	napoli–árisz	100+ keresés	timelapse	Eddig tartott: 7 óra	10 órája	100+	arrow_upward	200%	10 órával ezelőtt	timelapse	Eddig tartott: 7 óra	
2026-08-13T07:00:00Z	73	eredmények	100+ keresés	timelapse	Eddig tartott: 1 óra	4 órája	100+	arrow_upward	100%	4 órával ezelőtt	timelapse	Eddig tartott: 1 óra	
2026-08-13T07:00:00Z	74	politikus	200+ keresés	timelapse	Eddig tartott: 2 óra	17 órája	200+	arrow_upward	1 000%	17 órával ezelőtt	timelapse	Eddig tartott: 2 óra	
2026-08-13T07:00:00Z	75	nemzeti sport	100+ keresés	timelapse	Eddig tartott: 1 óra	3 órája	100+	arrow_upward	50%	3 órával ezelőtt	timelapse	Eddig tartott: 1 óra	
2026-08-13T07:00:00Z	76	solar eclipse 2026 hungary	200+ keresés	timelapse	Eddig tartott: 2 óra	14 órája	200+	arrow_upward	700%	14 órával ezelőtt	timelapse	Eddig tartott: 2 óra	solar eclipse hungary
2026-08-13T07:00:00Z	77	naplemente	200+ keresés	timelapse	Eddig tartott: 1 óra	13 órája	200+	arrow_upward	300%	13 órával ezelőtt	timelapse	Eddig tartott: 1 óra	
2026-08-13T07:00:00Z	78	milak kristof	200+ keresés	timelapse	Eddig tartott: 2 óra	10 órája	200+	arrow_upward	400%	10 órával ezelőtt	timelapse	Eddig tartott: 2 óra	úszó-európa-bajnokság
2026-08-13T07:00:00Z	79	sonnenfinsternis	200+ keresés	timelapse	Eddig tartott: 1 óra	13 órája	200+	arrow_upward	400%	13 órával ezelőtt	timelapse	Eddig tartott: 1 óra	sonnenfinsternis 2026
2026-08-13T07:00:00Z	80	nasa	200+ keresés	timelapse	Eddig tartott: 1 óra	13 órája	200+	arrow_upward	1 000%	13 órával ezelőtt	timelapse	Eddig tartott: 1 óra	
2026-08-13T07:00:00Z	81	várpalota tűz	200+ keresés	timelapse	Eddig tartott: 1 óra	18 órája	200+	arrow_upward	1 000%	18 órával ezelőtt	timelapse	Eddig tartott: 1 óra	
2026-08-13T07:00:00Z	82	labdarúgás	200+ keresés	timelapse	Eddig tartott: 1 óra	15 órája	200+	arrow_upward	300%	15 órával ezelőtt	timelapse	Eddig tartott: 1 óra	
2026-08-13T07:00:00Z	83	1999 napfogyatkozás	200+ keresés	timelapse	Eddig tartott: 1 óra	13 órája	200+	arrow_upward	500%	13 órával ezelőtt	timelapse	Eddig tartott: 1 óra	napfogyatkozás 1999; teljes napfogyatkozás 1999
2026-08-13T07:00:00Z	84	forbes	200+ keresés	timelapse	Eddig tartott: 3 óra	18 órája	200+	arrow_upward	700%	18 órával ezelőtt	timelapse	Eddig tartott: 3 óra	
2026-08-13T07:00:00Z	85	atlétikai eb 2026	100+ keresés	timelapse	Eddig tartott: 1 óra	12 órája	100+	arrow_upward	300%	12 órával ezelőtt	timelapse	Eddig tartott: 1 óra	
2026-08-13T07:00:00Z	86	árvíz	100+ keresés	timelapse	Eddig tartott: 1 óra	17 órája	100+	arrow_upward	1 000%	17 órával ezelőtt	timelapse	Eddig tartott: 1 óra	
2026-08-13T07:00:00Z	87	kos hubert	100+ keresés	timelapse	Eddig tartott: 50 perc	13 órája	100+	arrow_upward	800%	13 órával ezelőtt	timelapse	Eddig tartott: 50 perc	
2026-08-13T07:00:00Z	88	századvég alapítvány	100+ keresés	timelapse	Eddig tartott: 3 óra	21 órája	100+	arrow_upward	600%	21 órával ezelőtt	timelapse	Eddig tartott: 3 óra	
2026-08-13T07:00:00Z	89	napló	100+ keresés	timelapse	Eddig tartott: 1 óra	23 órája	100+	arrow_upward	1 000%	23 órával ezelőtt	timelapse	Eddig tartott: 1 óra	
2026-08-13T07:00:00Z	90	dejan stanković	100+ keresés	timelapse	Eddig tartott: 1 óra	16 órája	100+	arrow_upward	800%	16 órával ezelőtt	timelapse	Eddig tartott: 1 óra	
2026-08-13T07:00:00Z	91	jd vance	100+ keresés	timelapse	Eddig tartott: 50 perc	20 órája	100+	arrow_upward	800%	20 órával ezelőtt	timelapse	Eddig tartott: 50 perc	
2026-08-14T07:00:00Z	1	omis	10 E+ keresés	trending_up	Aktív	9 órája	10 E+	arrow_upward	1 000%	9 órával ezelőtt	trending_up	Aktív	omis tűz; horvátország tűz; horvatorszag tuz; + 4 további
2026-08-14T07:00:00Z	2	górnik zabrze–ftc	10 E+ keresés	trending_up	Aktív	14 órája	10 E+	arrow_upward	1 000%	14 órával ezelőtt	trending_up	Aktív	nemzeti sport; m4 élő; fradi; + 6 további
2026-08-14T07:00:00Z	3	prichard colon	10 E+ keresés	trending_up	Aktív	13 órája	10 E+	arrow_upward	1 000%	13 órával ezelőtt	trending_up	Aktív	prichard colón; terrel williams; prichard colon halála; + 1 további
2026-08-14T07:00:00Z	4	haditengerészet	5 E+ keresés	trending_up	Aktív	19 órája	5 E+	arrow_upward	1 000%	19 órával ezelőtt	trending_up	Aktív	
2026-08-14T07:00:00Z	5	eto–riga fc	5 E+ keresés	trending_up	Aktív	12 órája	5 E+	arrow_upward	1 000%	12 órával ezelőtt	trending_up	Aktív	eto riga; eto; győri eto; + 2 további
2026-08-14T07:00:00Z	6	alkotmánybíróság	2 E+ keresés	trending_up	Aktív	20 órája	2 E+	arrow_upward	800%	20 órával ezelőtt	trending_up	Aktív	alkotmánybíróság döntése
2026-08-14T07:00:00Z	7	frakció	2 E+ keresés	trending_up	Aktív	9 órája	2 E+	arrow_upward	1 000%	9 órával ezelőtt	trending_up	Aktív	király nóra
2026-08-14T07:00:00Z	8	giorgia meloni	2 E+ keresés	trending_up	Aktív	17 órája	2 E+	arrow_upward	1 000%	17 órával ezelőtt	trending_up	Aktív	
2026-08-14T07:00:00Z	9	ruszin-szendi romulusz	1 E+ keresés	trending_up	Aktív	1 órája	1 E+	arrow_upward	1 000%	1 órával ezelőtt	trending_up	Aktív	katonai nemzetbiztonsági szolgálat
2026-08-14T07:00:00Z	10	gulyás márton	500+ keresés	trending_up	Aktív	1 órája	500+	arrow_upward	1 000%	1 órával ezelőtt	trending_up	Aktív	
2026-08-14T07:00:00Z	11	sam altman	1 E+ keresés	trending_up	Aktív	13 órája	1 E+	arrow_upward	900%	13 órával ezelőtt	trending_up	Aktív	
2026-08-14T07:00:00Z	12	atomerőmű	20 E+ keresés	trending_up	Aktív	19 órája	20 E+	arrow_upward	1 000%	19 órával ezelőtt	trending_up	Aktív	index.hu; duna fenékküszöb
2026-08-14T07:00:00Z	13	vidnyánszky attila	2 E+ keresés	trending_up	Aktív	16 órája	2 E+	arrow_upward	1 000%	16 órával ezelőtt	trending_up	Aktív	
2026-08-14T07:00:00Z	14	lokva rogoznica	500+ keresés	trending_up	Aktív	3 órája	500+	arrow_upward	1 000%	3 órával ezelőtt	trending_up	Aktív	omis fire
2026-08-14T07:00:00Z	15	pintér sándor	200+ keresés	trending_up	Aktív	50 perce	200+	arrow_upward	1 000%	50 perccel ezelőtt	trending_up	Aktív	
2026-08-14T07:00:00Z	16	zebegény	500+ keresés	trending_up	Aktív	10 órája	500+	arrow_upward	500%	10 órával ezelőtt	trending_up	Aktív	
2026-08-14T07:00:00Z	17	fővárosi vízművek	1 E+ keresés	trending_up	Aktív	15 órája	1 E+	arrow_upward	600%	15 órával ezelőtt	trending_up	Aktív	
2026-08-14T07:00:00Z	18	tűzifa	1 E+ keresés	trending_up	Aktív	11 órája	1 E+	arrow_upward	900%	11 órával ezelőtt	trending_up	Aktív	
2026-08-14T07:00:00Z	19	sebastian stan	500+ keresés	trending_up	Aktív	9 órája	500+	arrow_upward	400%	9 órával ezelőtt	trending_up	Aktív	
2026-08-14T07:00:00Z	20	garancsi istván	500+ keresés	trending_up	Aktív	10 órája	500+	arrow_upward	400%	10 órával ezelőtt	trending_up	Aktív	
2026-08-14T07:00:00Z	21	marcin budkowski	500+ keresés	trending_up	Aktív	19 órája	500+	arrow_upward	400%	19 órával ezelőtt	trending_up	Aktív	
2026-08-14T07:00:00Z	22	minisztérium	10 E+ keresés	timelapse	Eddig tartott: 16 óra	17 órája	10 E+	arrow_upward	1 000%	17 órával ezelőtt	timelapse	Eddig tartott: 16 óra	
2026-08-14T07:00:00Z	23	split	100+ keresés	trending_up	Aktív	1 órája	100+	arrow_upward	600%	1 órával ezelőtt	trending_up	Aktív	
2026-08-14T07:00:00Z	24	augusztus 14.	100+ keresés	trending_up	Aktív	1 órája	100+	arrow_upward	1 000%	1 órával ezelőtt	trending_up	Aktív	
2026-08-14T07:00:00Z	25	magyar rendőrség	2 E+ keresés	timelapse	Eddig tartott: 21 óra	21 órája	2 E+	arrow_upward	1 000%	21 órával ezelőtt	timelapse	Eddig tartott: 21 óra	
2026-08-14T07:00:00Z	26	magyar forint	1 E+ keresés	timelapse	Eddig tartott: 3 óra	4 órája	1 E+	arrow_upward	400%	4 órával ezelőtt	timelapse	Eddig tartott: 3 óra	
2026-08-14T07:00:00Z	27	egészségügy	2 E+ keresés	timelapse	Eddig tartott: 15 óra	16 órája	2 E+	arrow_upward	1 000%	16 órával ezelőtt	timelapse	Eddig tartott: 15 óra	
2026-08-14T07:00:00Z	28	kármán andrás	1 E+ keresés	timelapse	Eddig tartott: 18 óra	19 órája	1 E+	arrow_upward	1 000%	19 órával ezelőtt	timelapse	Eddig tartott: 18 óra	
2026-08-14T07:00:00Z	29	ukrajna	1 E+ keresés	timelapse	Eddig tartott: 14 óra	14 órája	1 E+	arrow_upward	1 000%	14 órával ezelőtt	timelapse	Eddig tartott: 14 óra	
2026-08-14T07:00:00Z	30	lázár jános	500+ keresés	timelapse	Eddig tartott: 2 óra	4 órája	500+	arrow_upward	1 000%	4 órával ezelőtt	timelapse	Eddig tartott: 2 óra	
2026-08-14T07:00:00Z	31	internet	500+ keresés	timelapse	Eddig tartott: 17 óra	17 órája	500+	arrow_upward	900%	17 órával ezelőtt	timelapse	Eddig tartott: 17 óra	
2026-08-14T07:00:00Z	32	milak kristof	1 E+ keresés	timelapse	Eddig tartott: 13 óra	14 órája	1 E+	arrow_upward	400%	14 órával ezelőtt	timelapse	Eddig tartott: 13 óra	4x100 férfi gyorsváltó 2026; szabó szebasztián; + 2 további
2026-08-14T07:00:00Z	33	opus titász zrt	2 E+ keresés	timelapse	Eddig tartott: 9 óra	21 órája	2 E+	arrow_upward	1 000%	21 órával ezelőtt	timelapse	Eddig tartott: 9 óra	opus titász zrt.
2026-08-14T07:00:00Z	34	robbanás	1 E+ keresés	timelapse	Eddig tartott: 12 óra	14 órája	1 E+	arrow_upward	1 000%	14 órával ezelőtt	timelapse	Eddig tartott: 12 óra	
2026-08-14T07:00:00Z	35	afrikai sertéspestis	1 E+ keresés	timelapse	Eddig tartott: 16 óra	18 órája	1 E+	arrow_upward	1 000%	18 órával ezelőtt	timelapse	Eddig tartott: 16 óra	
2026-08-14T07:00:00Z	36	kecskemét	1 E+ keresés	timelapse	Eddig tartott: 19 óra	21 órája	1 E+	arrow_upward	400%	21 órával ezelőtt	timelapse	Eddig tartott: 19 óra	
2026-08-14T07:00:00Z	37	lengyelország	500+ keresés	timelapse	Eddig tartott: 12 óra	14 órája	500+	arrow_upward	1 000%	14 órával ezelőtt	timelapse	Eddig tartott: 12 óra	
2026-08-14T07:00:00Z	38	epres panni	500+ keresés	timelapse	Eddig tartott: 14 óra	15 órája	500+	arrow_upward	800%	15 órával ezelőtt	timelapse	Eddig tartott: 14 óra	
2026-08-14T07:00:00Z	39	m4 sport élő	2 E+ keresés	timelapse	Eddig tartott: 2 óra	14 órája	2 E+	arrow_upward	1 000%	14 órával ezelőtt	timelapse	Eddig tartott: 2 óra	
2026-08-14T07:00:00Z	40	trabzonspor	500+ keresés	timelapse	Eddig tartott: 11 óra	12 órája	500+	arrow_upward	1 000%	12 órával ezelőtt	timelapse	Eddig tartott: 11 óra	
2026-08-14T07:00:00Z	41	film	1 E+ keresés	timelapse	Eddig tartott: 7 óra	24 órája	1 E+	arrow_upward	800%	24 órával ezelőtt	timelapse	Eddig tartott: 7 óra	
2026-08-14T07:00:00Z	42	m4 sport	1 E+ keresés	timelapse	Eddig tartott: 3 óra	14 órája	1 E+	arrow_upward	900%	14 órával ezelőtt	timelapse	Eddig tartott: 3 óra	m4; kos hubert; sós csaba
2026-08-14T07:00:00Z	43	tóth gabi	500+ keresés	timelapse	Eddig tartott: 11 óra	13 órája	500+	arrow_upward	500%	13 órával ezelőtt	timelapse	Eddig tartott: 11 óra	
2026-08-14T07:00:00Z	44	savaria karnevál 2026 program	500+ keresés	timelapse	Eddig tartott: 9 óra	17 órája	500+	arrow_upward	400%	17 órával ezelőtt	timelapse	Eddig tartott: 9 óra	
2026-08-14T07:00:00Z	45	bűncselekmény	1 E+ keresés	timelapse	Eddig tartott: 6 óra	22 órája	1 E+	arrow_upward	1 000%	22 órával ezelőtt	timelapse	Eddig tartott: 6 óra	
2026-08-14T07:00:00Z	46	tomán szabina	500+ keresés	timelapse	Eddig tartott: 10 óra	21 órája	500+	arrow_upward	1 000%	21 órával ezelőtt	timelapse	Eddig tartott: 10 óra	
2026-08-14T07:00:00Z	47	görgényi fruzsina	200+ keresés	timelapse	Eddig tartott: 15 óra	16 órája	200+	arrow_upward	400%	16 órával ezelőtt	timelapse	Eddig tartott: 15 óra	
2026-08-14T07:00:00Z	48	benzin	500+ keresés	timelapse	Eddig tartott: 20 perc	2 órája	500+	arrow_upward	400%	2 órával ezelőtt	timelapse	Eddig tartott: 20 perc	
2026-08-14T07:00:00Z	49	ember márk	200+ keresés	timelapse	Eddig tartott: 3 óra	11 órája	200+	arrow_upward	600%	11 órával ezelőtt	timelapse	Eddig tartott: 3 óra	
2026-08-14T07:00:00Z	50	tóth rajmund	200+ keresés	timelapse	Eddig tartott: 9 óra	12 órája	200+	arrow_upward	400%	12 órával ezelőtt	timelapse	Eddig tartott: 9 óra	
2026-08-14T07:00:00Z	51	koleszterin	100+ keresés	timelapse	Eddig tartott: 12 óra	13 órája	100+	arrow_upward	300%	13 órával ezelőtt	timelapse	Eddig tartott: 12 óra	
2026-08-14T07:00:00Z	52	górnik zabrze vs ferencváros	200+ keresés	timelapse	Eddig tartott: 2 óra	13 órája	200+	arrow_upward	1 000%	13 órával ezelőtt	timelapse	Eddig tartott: 2 óra	zabrze
2026-08-14T07:00:00Z	53	gazdaság	500+ keresés	timelapse	Eddig tartott: 1 óra	13 órája	500+	arrow_upward	600%	13 órával ezelőtt	timelapse	Eddig tartott: 1 óra	
2026-08-14T07:00:00Z	54	ftc meccs	200+ keresés	timelapse	Eddig tartott: 8 óra	12 órája	200+	arrow_upward	600%	12 órával ezelőtt	timelapse	Eddig tartott: 8 óra	fradi meccs
2026-08-14T07:00:00Z	55	sziget fesztivál	500+ keresés	timelapse	Eddig tartott: 50 perc	11 órája	500+	arrow_upward	200%	11 órával ezelőtt	timelapse	Eddig tartott: 50 perc	
2026-08-14T07:00:00Z	56	ryan reynolds	200+ keresés	timelapse	Eddig tartott: 1 óra	12 órája	200+	arrow_upward	1 000%	12 órával ezelőtt	timelapse	Eddig tartott: 1 óra	
2026-08-14T07:00:00Z	57	bts	100+ keresés	timelapse	Eddig tartott: 5 óra	14 órája	100+	arrow_upward	400%	14 órával ezelőtt	timelapse	Eddig tartott: 5 óra	
2026-08-14T07:00:00Z	58	uszo eb 2026	100+ keresés	timelapse	Eddig tartott: 3 óra	14 órája	100+	arrow_upward	300%	14 órával ezelőtt	timelapse	Eddig tartott: 3 óra	vizes eb 2026
2026-08-14T07:00:00Z	59	ryan gosling	100+ keresés	timelapse	Eddig tartott: 1 óra	12 órája	100+	arrow_upward	900%	12 órával ezelőtt	timelapse	Eddig tartott: 1 óra	
2026-08-14T07:00:00Z	60	riot	100+ keresés	timelapse	Eddig tartott: 1 óra	10 órája	100+	arrow_upward	700%	10 órával ezelőtt	timelapse	Eddig tartott: 1 óra	
2026-08-14T07:00:00Z	61	politika	200+ keresés	timelapse	Eddig tartott: 1 óra	23 órája	200+	arrow_upward	1 000%	23 órával ezelőtt	timelapse	Eddig tartott: 1 óra	
2026-08-14T07:00:00Z	62	hearts–benfica	100+ keresés	timelapse	Eddig tartott: 1 óra	11 órája	100+	arrow_upward	700%	11 órával ezelőtt	timelapse	Eddig tartott: 1 óra	
2026-08-14T07:00:00Z	63	gömöri andrás máté	100+ keresés	timelapse	Eddig tartott: 5 óra	18 órája	100+	arrow_upward	600%	18 órával ezelőtt	timelapse	Eddig tartott: 5 óra	
2026-08-14T07:00:00Z	64	bódog tamás	100+ keresés	timelapse	Eddig tartott: 40 perc	11 órája	100+	arrow_upward	500%	11 órával ezelőtt	timelapse	Eddig tartott: 40 perc	
2026-08-14T07:00:00Z	65	twenty one pilots sziget	100+ keresés	timelapse	Eddig tartott: 3 óra	14 órája	100+	arrow_upward	100%	14 órával ezelőtt	timelapse	Eddig tartott: 3 óra	
2026-08-14T07:00:00Z	66	george clooney	100+ keresés	timelapse	Eddig tartott: 2 óra	19 órája	100+	arrow_upward	500%	19 órával ezelőtt	timelapse	Eddig tartott: 2 óra	
2026-08-14T07:00:00Z	67	wetter morgen	100+ keresés	timelapse	Eddig tartott: 20 perc	11 órája	100+	arrow_upward	75%	11 órával ezelőtt	timelapse	Eddig tartott: 20 perc	
